{
  "items":
  [
    {
      "serial": 1,
      "word": "ABANDON",
      "level": 4,
      "pronunciation": 1,
      "pronunciationPosition": 6,
      "accent": 3,
      "blank": 246,
      "explanation": "to leave completely; give it up completely",
      "korean": "버리다, 포기하다"
    },
    {
      "serial": 2,
      "word": "ABASHED",
      "level": 8,
      "pronunciation": 1,
      "pronunciationPosition": 3,
      "accent": 3,
      "blank": 357,
      "explanation": "embassed; ashamed; disconcerted",
      "korean": "난처한 상황에서 당황해[부끄러워]하는"
    },
    {
      "serial": 3,
      "word": "ABDOMEN",
      "level": 5,
      "pronunciation": 1,
      "pronunciationPosition": 1,
      "accent": 1,
      "blank": 246,
      "explanation": "the part of the body that contains the stomach, bowels, and other organs; belly",
      "korean": "배, 복부"
    },
    {
      "serial": 4,
      "word": "ABDUCT",
      "level": 8,
      "pronunciation": 1,
      "pronunciationPosition": 4,
      "accent": 4,
      "blank": 246,
      "explanation": "to take someone away from a place by force illegally; kidnap",
      "korean": "유괴하다, 납치하다"
    },
    {
      "serial": 5,
      "word": "ABERRANT",
      "level": 5,
      "pronunciation": 1,
      "pronunciationPosition": 3,
      "accent": 3,
      "blank": 246,
      "explanation": "different from what is typical or usual; unusual; abnormal",
      "korean": "보통과는 너무 다른, 비정상적인"
    },
    {
      "serial": 6,
      "word": "ABHOR",
      "level": 7,
      "pronunciation": 1,
      "pronunciationPosition": 1,
      "accent": 4,
      "blank": 24,
      "explanation": "to dislike someone or something very much; detest",
      "korean": "아주 싫어하다, 혐오하다"
    },
    {
      "serial": 7,
      "word": "ABHORRENT",
      "level": 7,
      "pronunciation": 1,
      "pronunciationPosition": 1,
      "accent": 4,
      "blank": 2479,
      "explanation": "feeling extreme aversion; disgusting; repugnant",
      "korean": "너무 싫은, 혐오스러운"
    },
    {
      "serial": 8,
      "word": "ABIDE",
      "level": 5,
      "pronunciation": 1,
      "pronunciationPosition": 3,
      "accent": 3,
      "blank": 24,
      "explanation": "to put up with; tolerate / to accept(~ by)",
      "korean": "따르다, 준수하다(~ BY)"
    },
    {
      "serial": 9,
      "word": "ABILITY",
      "level": 3,
      "pronunciation": 1,
      "pronunciationPosition": 1,
      "accent": 3,
      "blank": 246,
      "explanation": "the physical or mental power to do something; capability",
      "korean": "해낼 수 있는 능력"
    },
    {
      "serial": 10,
      "word": "ABJECT",
      "level": 6,
      "pronunciation": 1,
      "pronunciationPosition": 3,
      "accent": 1,
      "blank": 26,
      "explanation": "extremely bad and without hope; miserable",
      "korean": "비참[처절]한, 처량한, 약한"
    },
    {
      "serial": 11,
      "word": "ABLAZE",
      "level": 6,
      "pronunciation": 1,
      "pronunciationPosition": 4,
      "accent": 4,
      "blank": 246,
      "explanation": "burning stronlgy; glowing with light",
      "korean": "화염이 불타오르는, 감정적으로 타오르는"
    },
    {
      "serial": 12,
      "word": "ABLE",
      "level": 2,
      "pronunciation": 1,
      "pronunciationPosition": 1,
      "accent": 1,
      "blank": 24,
      "explanation": "having the power or skill to do something",
      "korean": "할 수 있는"
    },
    {
      "serial": 13,
      "word": "ABNORMAL",
      "level": 4,
      "pronunciation": 1,
      "pronunciationPosition": 45,
      "accent": 4,
      "blank": 246,
      "explanation": "different from what is usual or average",
      "korean": "일반적이지 않은, 비정상적인"
    },
    {
      "serial": 14,
      "word": "ABOARD",
      "level": 4,
      "pronunciation": 1,
      "pronunciationPosition": 345,
      "accent": 34,
      "blank": 246,
      "explanation": "on a ship, airplane, bus, or train",
      "korean": "배 비행기 열차 버스 같은 탈것에 올라 탄"
    },
    {
      "serial": 15,
      "word": "ABODE",
      "level": 5,
      "pronunciation": 1,
      "pronunciationPosition": 3,
      "accent": 3,
      "blank": 24,
      "explanation": "the place where someone lives; dwelling",
      "korean": "거주하는 곳[집, 보금자리], 거주지"
    },
    {
      "serial": 16,
      "word": "ABOLISH",
      "level": 5,
      "pronunciation": 1,
      "pronunciationPosition": 5,
      "accent": 3,
      "blank": 246,
      "explanation": "to officially put an end to something; do away with",
      "korean": "법·규정 등을 없애다"
    },
    {
      "serial": 17,
      "word": "ABOLITION",
      "level": 5,
      "pronunciation": 1,
      "pronunciationPosition": 5,
      "accent": 5,
      "blank": 2479,
      "explanation": "the act of officially puting an end to something",
      "korean": "법·제도 등의 공식적인 폐지"
    },
    {
      "serial": 18,
      "word": "ABOMINABLE",
      "level": 7,
      "pronunciation": 1,
      "pronunciationPosition": 3,
      "accent": 3,
      "blank": 2479,
      "explanation": "very unpleasant; detestable; loathsome",
      "korean": "아주 불쾌한, 혐오스러운"
    },
    {
      "serial": 19,
      "word": "ABOMINATE",
      "level": 7,
      "pronunciation": 1,
      "pronunciationPosition": 3,
      "accent": 3,
      "blank": 2479,
      "explanation": "to hate something very much; abhor",
      "korean": "아주 싫어하다, 혐오하다"
    },
    {
      "serial": 20,
      "word": "ABORT",
      "level": 6,
      "pronunciation": 1,
      "pronunciationPosition": 34,
      "accent": 3,
      "blank": 24,
      "explanation": "to end a pregnancy deliberately / to fail or stop at an early stage",
      "korean": "(태아) 일부러 유산하다, 도중에 중단하다"
    },
    {
      "serial": 21,
      "word": "ABORTION",
      "level": 6,
      "pronunciation": 1,
      "pronunciationPosition": 34,
      "accent": 3,
      "blank": 246,
      "explanation": "a surgical procedure used to terminate a pregnancy",
      "korean": "의도적인 유산, 낙태"
    },
    {
      "serial": 22,
      "word": "ABOUND",
      "level": 5,
      "pronunciation": 1,
      "pronunciationPosition": 34,
      "accent": 34,
      "blank": 246,
      "explanation": "to exist in great quantities or numbers",
      "korean": "~이 많이 있다, ~이 풍부하다"
    },
    {
      "serial": 23,
      "word": "ABOUT",
      "level": 1,
      "pronunciation": 1,
      "pronunciationPosition": 34,
      "accent": 34,
      "blank": 24,
      "explanation": "concerning / appropximately",
      "korean": "~에 대해, 대략"
    },
    {
      "serial": 24,
      "word": "ABOVE",
      "level": 1,
      "pronunciation": 1,
      "pronunciationPosition": 3,
      "accent": 3,
      "blank": 24,
      "explanation": "in a higher place, rank, or number",
      "korean": "~보다 위의, ~보다 위로"
    },
    {
      "serial": 25,
      "word": "ABRIDGE",
      "level": 7,
      "pronunciation": 2,
      "pronunciationPosition": 567,
      "accent": 4,
      "blank": 246,
      "explanation": "to shorten by omitting umimportant parts / diminish; lessen; curtail",
      "korean": "핵심만 남기고 축소하다, 권리 권한을 줄이다"
    },
    {
      "serial": 26,
      "word": "ABROAD",
      "level": 3,
      "pronunciation": 2,
      "pronunciationPosition": 45,
      "accent": 45,
      "blank": 246,
      "explanation": "in or to a foreign country",
      "korean": "해외로, 해외에서"
    },
    {
      "serial": 27,
      "word": "ABRUPT",
      "level": 5,
      "pronunciation": 2,
      "pronunciationPosition": 4,
      "accent": 4,
      "blank": 246,
      "explanation": "very sudden and unexpected / talking to others in a very brief and unfriendly way",
      "korean": "갑작스러운, 무뚝뚝한"
    },
    {
      "serial": 28,
      "word": "ABSCOND",
      "level": 8,
      "pronunciation": 2,
      "pronunciationPosition": 5,
      "accent": 5,
      "blank": 246,
      "explanation": "to go away suddenly and secretly to avoid capture; run away",
      "korean": "몰래 도망가다[탈출하다]"
    },
    {
      "serial": 29,
      "word": "ABSENCE",
      "level": 3,
      "pronunciation": 2,
      "pronunciationPosition": 4,
      "accent": 1,
      "blank": 246,
      "explanation": "state of being away or not being present",
      "korean": "없음[부재], 결석[결근]"
    },
    {
      "serial": 30,
      "word": "ABSENT",
      "level": 3,
      "pronunciation": 2,
      "pronunciationPosition": 4,
      "accent": 1,
      "blank": 246,
      "explanation": "not present at a usual or expected place / not exist; nonexistent",
      "korean": "결석한, 없는[존재하지 않는]"
    },
    {
      "serial": 31,
      "word": "ABSOLUTE",
      "level": 3,
      "pronunciation": 2,
      "pronunciationPosition": 6,
      "accent": 1,
      "blank": 246,
      "explanation": "definitely; without question / to the largest degree possible",
      "korean": "절대적인, 완전한"
    },
    {
      "serial": 32,
      "word": "ABSOLVE",
      "level": 8,
      "pronunciation": 2,
      "pronunciationPosition": 3,
      "accent": 4,
      "blank": 246,
      "explanation": " to free someone from guilt or responsibility; give forgiveness to someone ",
      "korean": "죄를 씻어 주다, 책임을 없애 주다"
    },
    {
      "serial": 33,
      "word": "ABSORB",
      "level": 4,
      "pronunciation": 2,
      "pronunciationPosition": 1,
      "accent": 4,
      "blank": 246,
      "explanation": "take in a liquid; soak up / to reduce the effect of a physical force",
      "korean": "흡수하다"
    },
    {
      "serial": 34,
      "word": "ABSTAIN",
      "level": 5,
      "pronunciation": 2,
      "pronunciationPosition": 56,
      "accent": 5,
      "blank": 246,
      "explanation": "to choose not to do something regarded as improper; refrain",
      "korean": "하지 않다, 삼가다"
    },
    {
      "serial": 35,
      "word": "ABSTRACT",
      "level": 5,
      "pronunciation": 2,
      "pronunciationPosition": 16,
      "accent": 1,
      "blank": 246,
      "explanation": "existing only in the mind apart from concrete realities or specific objects",
      "korean": "추상적인, 추상적인 작품"
    },
    {
      "serial": 36,
      "word": "ABSTRUSE",
      "level": 7,
      "pronunciation": 2,
      "pronunciationPosition": 6,
      "accent": 6,
      "blank": 246,
      "explanation": "hard to understand; recondite; esoteric",
      "korean": "어렵고 복잡하고 애매해 이해하기가 힘든"
    },
    {
      "serial": 37,
      "word": "ABSURD",
      "level": 5,
      "pronunciation": 2,
      "pronunciationPosition": 1,
      "accent": 4,
      "blank": 246,
      "explanation": "utterly senseless or illogical; completely ridiculous",
      "korean": "너무 어리석은[황당한]"
    },
    {
      "serial": 38,
      "word": "ABUNDANT",
      "level": 3,
      "pronunciation": 2,
      "pronunciationPosition": 3,
      "accent": 3,
      "blank": 246,
      "explanation": "present in great quantity; more than enough; ample; plentiful",
      "korean": "풍부한, 상당히 많이 있는"
    },
    {
      "serial": 39,
      "word": "ABUSE",
      "level": 3,
      "pronunciation": 2,
      "pronunciationPosition": 3,
      "accent": 3,
      "blank": 24,
      "explanation": "to treat someone in a harsh way / to use something wrongly; misuse",
      "korean": "학대하다, 지나치게 쓰다"
    },
    {
      "serial": 40,
      "word": "ABYSMAL",
      "level": 7,
      "pronunciation": 2,
      "pronunciationPosition": 3,
      "accent": 3,
      "blank": 246,
      "explanation": "extremely poor or bad; awful; horrible / so deep as to be unmeasurable",
      "korean": "상태 및 수준 등이 너무 끔찍한[참담한]"
    },
    {
      "serial": 41,
      "word": "ABYSS",
      "level": 5,
      "pronunciation": 2,
      "pronunciationPosition": 3,
      "accent": 3,
      "blank": 24,
      "explanation": "a deep, immeasurable space or cavity; chasm",
      "korean": "깊이를 알 수 없는 구멍[틈], 깊은 절망"
    },
    {
      "serial": 42,
      "word": "ACADEMIC",
      "level": 5,
      "pronunciation": 2,
      "pronunciationPosition": 1,
      "accent": 5,
      "blank": 246,
      "explanation": "relating to schools and education",
      "korean": "학문[학교, 학원]의, 이론적인"
    },
    {
      "serial": 43,
      "word": "ACCELERATE",
      "level": 5,
      "pronunciation": 3,
      "pronunciationPosition": 23,
      "accent": 4,
      "blank": 2479,
      "explanation": "to move faster /  to cause something to happen more quickly",
      "korean": "속도를 내다, 가속하다"
    },
    {
      "serial": 44,
      "word": "ACCEDE",
      "level": 7,
      "pronunciation": 3,
      "pronunciationPosition": 4,
      "accent": 4,
      "blank": 246,
      "explanation": "to agree to a request or a demand(~ to); assent",
      "korean": "수락하다[받아들이다](~ TO)"
    },
    {
      "serial": 45,
      "word": "ACCENT",
      "level": 4,
      "pronunciation": 3,
      "pronunciationPosition": 23,
      "accent": 1,
      "blank": 246,
      "explanation": "the way people in a particular area pronounce words / special emphasis",
      "korean": "특정 지역의 억양, 강세"
    },
    {
      "serial": 46,
      "word": "ACCENTUATE",
      "level": 6,
      "pronunciation": 3,
      "pronunciationPosition": 23,
      "accent": 4,
      "blank": 2479,
      "explanation": "to stress or single out something as important; emphasize",
      "korean": "더 눈에 띄게 강조하다"
    },
    {
      "serial": 47,
      "word": "ACCEPT",
      "level": 3,
      "pronunciation": 3,
      "pronunciationPosition": 5,
      "accent": 4,
      "blank": 246,
      "explanation": "to agree to take something; admit / to believe that something is true",
      "korean": "받아들이다, 인정하다"
    },
    {
      "serial": 48,
      "word": "ACCEPTABLE",
      "level": 3,
      "pronunciation": 3,
      "pronunciationPosition": 5,
      "accent": 4,
      "blank": 2479,
      "explanation": "worthy of being accepted / fairly good; satisfactory",
      "korean": "받아들일 수 있는, 만족할 만한"
    },
    {
      "serial": 49,
      "word": "ACCESS",
      "level": 4,
      "pronunciation": 3,
      "pronunciationPosition": 23,
      "accent": 1,
      "blank": 246,
      "explanation": "the act of entering / a way of being able to get something",
      "korean": "접근, 접속, 접근하다"
    },
    {
      "serial": 50,
      "word": "ACCESSIBLE",
      "level": 4,
      "pronunciation": 3,
      "pronunciationPosition": 23,
      "accent": 4,
      "blank": 2479,
      "explanation": "easy to reach / able to be obtained",
      "korean": "접근 가능한, 이용 가능한, 이해하기 쉬운"
    },
    {
      "serial": 51,
      "word": "ACCESSORY",
      "level": 4,
      "pronunciation": 3,
      "pronunciationPosition": 23,
      "accent": 4,
      "blank": 2479,
      "explanation": "something added to something else to make it more attractive",
      "korean": "액세서리"
    },
    {
      "serial": 52,
      "word": "ACCIDENT",
      "level": 3,
      "pronunciation": 3,
      "pronunciationPosition": 1,
      "accent": 1,
      "blank": 246,
      "explanation": "an unfortunate happening that usually leads to harm; mishap",
      "korean": "사고, 우연히 일어난 상황"
    },
    {
      "serial": 53,
      "word": "ACCIDENTAL",
      "level": 4,
      "pronunciation": 3,
      "pronunciationPosition": 6,
      "accent": 6,
      "blank": 2479,
      "explanation": "happening by chance; unexpected",
      "korean": "우연히 발생한"
    },
    {
      "serial": 54,
      "word": "ACCLAIM",
      "level": 6,
      "pronunciation": 3,
      "pronunciationPosition": 56,
      "accent": 5,
      "blank": 246,
      "explanation": "strong praise / to praise in a very enthusiastic way",
      "korean": "열렬히 찬사를 보내다"
    },
    {
      "serial": 55,
      "word": "ACCOMMODATE",
      "level": 5,
      "pronunciation": 3,
      "pronunciationPosition": 17,
      "accent": 4,
      "blank": 247911,
      "explanation": "to provide room for someone / to do something helpful for someone",
      "korean": "숙박을[편의를] 제공하다, 수용하다"
    },
    {
      "serial": 56,
      "word": "ACCOMPANY",
      "level": 5,
      "pronunciation": 3,
      "pronunciationPosition": 17,
      "accent": 4,
      "blank": 2479,
      "explanation": "to go along or in company with / to go together with something",
      "korean": "함께 가다, 동반하다"
    }
  ]
}