{
  "items":
  [
    {
      "word": "ABANDON",
      "level": 4,
      "pronunciation": 29,
      "발음위치": "6",
      "accent": 3,
      "blank": "246",
      "뜻영문": "to leave completely; give it up completely",
      "뜻한글": "버리다, 포기하다"
    },
    {
      "word": "ABASHED",
      "level": 8,
      "pronunciation": 1,
      "발음위치": "3",
      "accent": 3,
      "blank": "357",
      "뜻영문": "embassed; ashamed; disconcerted",
      "뜻한글": "난처한 상황에서 당황해[부끄러워]하는"
    },
    {
      "word": "ABDOMEN",
      "level": 5,
      "pronunciation": 1,
      "발음위치": "1",
      "accent": 1,
      "blank": "246",
      "뜻영문": "the part of the body that contains the stomach, bowels, and other organs; belly",
      "뜻한글": "배, 복부"
    },
    {
      "word": "ABDUCT",
      "level": 8,
      "pronunciation": 28,
      "발음위치": "4",
      "accent": 4,
      "blank": "246",
      "뜻영문": "to take someone away from a place by force illegally; kidnap",
      "뜻한글": "유괴하다, 납치하다"
    },
    {
      "word": "ABERRANT",
      "level": 5,
      "pronunciation": 5,
      "발음위치": "3",
      "accent": 3,
      "blank": "246",
      "뜻영문": "different from what is typical or usual; unusual; abnormal",
      "뜻한글": "보통과는 너무 다른, 비정상적인"
    },
    {
      "word": "ABHOR",
      "level": 7,
      "pronunciation": 29,
      "발음위치": "1",
      "accent": 4,
      "blank": "24",
      "뜻영문": "to dislike someone or something very much; detest",
      "뜻한글": "아주 싫어하다, 혐오하다"
    },
    {
      "word": "ABHORRENT",
      "level": 7,
      "pronunciation": 29,
      "발음위치": "1",
      "accent": 4,
      "blank": "247",
      "뜻영문": "feeling extreme aversion; disgusting; repugnant",
      "뜻한글": "너무 싫은, 혐오스러운"
    },
    {
      "word": "ABIDE",
      "level": 5,
      "pronunciation": 32,
      "발음위치": "3",
      "accent": 3,
      "blank": "24",
      "뜻영문": "to put up with; tolerate / to accept(~ by)",
      "뜻한글": "따르다, 준수하다(~ BY)"
    },
    {
      "word": "ABILITY",
      "level": 3,
      "pronunciation": 29,
      "발음위치": "1",
      "accent": 3,
      "blank": "246",
      "뜻영문": "the?physical?or?mental?power?to do something; capability",
      "뜻한글": "해낼 수 있는 능력"
    },
    {
      "word": "ABJECT",
      "level": 6,
      "pronunciation": 53,
      "발음위치": "3",
      "accent": 1,
      "blank": "26",
      "뜻영문": "extremely bad and without hope; miserable",
      "뜻한글": "비참[처절]한, 처량한, 약한"
    },
    {
      "word": "ABLAZE",
      "level": 6,
      "pronunciation": 6,
      "발음위치": "4",
      "accent": 4,
      "blank": "246",
      "뜻영문": "burning stronlgy; glowing with light",
      "뜻한글": "화염이 불타오르는, 감정적으로 타오르는"
    },
    {
      "word": "ABLE",
      "level": 2,
      "pronunciation": 6,
      "발음위치": "1",
      "accent": 1,
      "blank": "24",
      "뜻영문": "having the power or skill to do something",
      "뜻한글": "할 수 있는"
    },
    {
      "word": "ABNORMAL",
      "level": 4,
      "pronunciation": 17,
      "발음위치": "45",
      "accent": 4,
      "blank": "246",
      "뜻영문": "different from what is?usual?or?average",
      "뜻한글": "일반적이지 않은, 비정상적인"
    },
    {
      "word": "ABOARD",
      "level": 4,
      "pronunciation": 17,
      "발음위치": "345",
      "accent": 34,
      "blank": "246",
      "뜻영문": "on a ship, airplane, bus, or train",
      "뜻한글": "배?비행기?열차?버스 같은 탈것에 올라 탄"
    },
    {
      "word": "ABODE",
      "level": 5,
      "pronunciation": 15,
      "발음위치": "3",
      "accent": 3,
      "blank": "24",
      "뜻영문": "the place where someone lives; dwelling",
      "뜻한글": "거주하는 곳[집, 보금자리], 거주지"
    },
    {
      "word": "ABOLISH",
      "level": 5,
      "pronunciation": 10,
      "발음위치": "5",
      "accent": 3,
      "blank": "246",
      "뜻영문": "to officially put an end to something; do away with",
      "뜻한글": "법·규정 등을 없애다"
    },
    {
      "word": "ABOLITION",
      "level": 5,
      "pronunciation": 10,
      "발음위치": "5",
      "accent": 5,
      "blank": "247",
      "뜻영문": "utterly senseless or illogical; completely ridiculous",
      "뜻한글": "법·제도 등의 공식적인 폐지"
    },
    {
      "word": "ABOMINABLE",
      "level": 7,
      "pronunciation": 2,
      "발음위치": "3",
      "accent": 3,
      "blank": "2479",
      "뜻영문": "very unpleasant; detestable; loathsome",
      "뜻한글": "아주 불쾌한, 혐오스러운"
    },
    {
      "word": "ABOMINATE",
      "level": 7,
      "pronunciation": 2,
      "발음위치": "3",
      "accent": 3,
      "blank": "247",
      "뜻영문": "to hate something very much; abhor",
      "뜻한글": "아주 싫어하다, 혐오하다"
    },
    {
      "word": "ABORT",
      "level": 6,
      "pronunciation": 17,
      "발음위치": "34",
      "accent": 3,
      "blank": "24",
      "뜻영문": "to end a pregnancy deliberately / to fail or stop at an early stage",
      "뜻한글": "(태아) 일부러 유산하다, 도중에 중단하다"
    },
    {
      "word": "ABORTION",
      "level": 6,
      "pronunciation": 17,
      "발음위치": "34",
      "accent": 3,
      "blank": "246",
      "뜻영문": "a surgical procedure used to terminate a pregnancy",
      "뜻한글": "의도적인 유산, 낙태"
    },
    {
      "word": "ABOUND",
      "level": 5,
      "pronunciation": 35,
      "발음위치": "34",
      "accent": 34,
      "blank": "246",
      "뜻영문": "to exist in great quantities or numbers",
      "뜻한글": "~이 많이 있다, ~이 풍부하다"
    },
    {
      "word": "ABOUT",
      "level": 1,
      "pronunciation": 35,
      "발음위치": "34",
      "accent": 34,
      "blank": "24",
      "뜻영문": "concerning / appropximately",
      "뜻한글": "~에 대해, 대략"
    },
    {
      "word": "ABOVE",
      "level": 1,
      "pronunciation": 28,
      "발음위치": "3",
      "accent": 3,
      "blank": "24",
      "뜻영문": "in a higher place, rank, or number",
      "뜻한글": "~보다 위의, ~보다 위로"
    },
    {
      "word": "ABRIDGE",
      "level": 7,
      "pronunciation": 53,
      "발음위치": "567",
      "accent": 4,
      "blank": "246",
      "뜻영문": "to shorten by omitting umimportant parts; diminish; lessen; curtail",
      "뜻한글": "핵심만 남기고 축소하다, 권리?권한을 줄이다"
    },
    {
      "word": "ABROAD",
      "level": 3,
      "pronunciation": 2,
      "발음위치": "45",
      "accent": 45,
      "blank": "246",
      "뜻영문": "in or to a foreign country",
      "뜻한글": "해외로, 해외에서"
    },
    {
      "word": "ABRUPT",
      "level": 5,
      "pronunciation": 28,
      "발음위치": "4",
      "accent": 4,
      "blank": "246",
      "뜻영문": "very sudden and unexpected / talking to others in a very brief and unfriendly way",
      "뜻한글": "갑작스러운, 무뚝뚝한"
    },
    {
      "word": "ABSCOND",
      "level": 8,
      "pronunciation": 28,
      "발음위치": "5",
      "accent": 5,
      "blank": "246",
      "뜻영문": "to go away suddenly and secretly to avoid capture; run away",
      "뜻한글": "몰래 도망가다[탈출하다]"
    },
    {
      "word": "ABSENCE",
      "level": 3,
      "pronunciation": 29,
      "발음위치": "4",
      "accent": 1,
      "blank": "246",
      "뜻영문": "state of being away or not being present",
      "뜻한글": "없음[부재], 결석[결근]"
    },
    {
      "word": "ABSENT",
      "level": 3,
      "pronunciation": 29,
      "발음위치": "4",
      "accent": 1,
      "blank": "246",
      "뜻영문": "not present at a usual or expected place / not exist; nonexistent",
      "뜻한글": "결석한, 없는[존재하지 않는]"
    },
    {
      "word": "ABSOLUTE",
      "level": 3,
      "pronunciation": 19,
      "발음위치": "6",
      "accent": 1,
      "blank": "246",
      "뜻영문": "definitely; without question / to the largest degree possible",
      "뜻한글": "절대적인, 완전한"
    },
    {
      "word": "ABSOLVE",
      "level": 8,
      "pronunciation": 45,
      "발음위치": "3",
      "accent": 4,
      "blank": "246",
      "뜻영문": "to?free?someone from?guilt or responsibility; give forgiveness to someone ",
      "뜻한글": "죄를 씻어 주다, 책임을 없애 주다"
    },
    {
      "word": "ABSORB",
      "level": 4,
      "pronunciation": 29,
      "발음위치": "1",
      "accent": 4,
      "blank": "246",
      "뜻영문": "to take in a liquid; soak up / to reduce the effect of a physical force",
      "뜻한글": "흡수하다"
    },
    {
      "word": "ABSTAIN",
      "level": 5,
      "pronunciation": 6,
      "발음위치": "56",
      "accent": 5,
      "blank": "246",
      "뜻영문": "to choose not to do something regarded as improper; refrain",
      "뜻한글": "하지 않다, 삼가다"
    },
    {
      "word": "ABSTRACT",
      "level": 5,
      "pronunciation": 1,
      "발음위치": "16",
      "accent": 1,
      "blank": "246",
      "뜻영문": "existing only in the mind apart from concrete realities or specific objects",
      "뜻한글": "추상적인, 추상적인 작품"
    },
    {
      "word": "ABSTRUSE",
      "level": 7,
      "pronunciation": 19,
      "발음위치": "6",
      "accent": 6,
      "blank": "246",
      "뜻영문": "hard to understand; recondite; esoteric",
      "뜻한글": "어렵고 복잡하고 애매해 이해하기가 힘든"
    },
    {
      "word": "ABSURD",
      "level": 5,
      "pronunciation": 29,
      "발음위치": "1",
      "accent": 4,
      "blank": "246",
      "뜻영문": "utterly senseless or illogical; completely ridiculous",
      "뜻한글": "너무 어리석은[황당한]"
    },
    {
      "word": "ABUNDANT",
      "level": 3,
      "pronunciation": 28,
      "발음위치": "3",
      "accent": 3,
      "blank": "246",
      "뜻영문": "present in great quantity; more than enough; ample; plentiful",
      "뜻한글": "풍부한, 상당히 많이 있는"
    },
    {
      "word": "ABUSE",
      "level": 3,
      "pronunciation": 82,
      "발음위치": "3",
      "accent": 3,
      "blank": "24",
      "뜻영문": "to treat someone in a harsh way / to use something wrongly; misuse",
      "뜻한글": "학대하다, 지나치게 쓰다"
    },
    {
      "word": "ABYSMAL",
      "level": 7,
      "pronunciation": 10,
      "발음위치": "3",
      "accent": 3,
      "blank": "246",
      "뜻영문": "extremely poor or bad; awful; horrible / so deep as to be unmeasurable",
      "뜻한글": "상태 및 수준 등이 너무 끔찍한[참담한]"
    },
    {
      "word": "ABYSS",
      "level": 5,
      "pronunciation": 10,
      "발음위치": "3",
      "accent": 3,
      "blank": "24",
      "뜻영문": "a deep, immeasurable space or cavity; chasm",
      "뜻한글": "깊이를 알 수 없는 구멍[틈], 깊은 절망"
    },
    {
      "word": "ACADEMIC",
      "level": 5,
      "pronunciation": 1,
      "발음위치": "1",
      "accent": 5,
      "blank": "246",
      "뜻영문": "relating to schools and education",
      "뜻한글": "학문[학교, 학원]의, 이론적인"
    },
    {
      "word": "ACCELERATE",
      "level": 5,
      "pronunciation": 44,
      "발음위치": "23",
      "accent": 4,
      "blank": "2479",
      "뜻영문": "to move faster /  to cause something to happen more quickly",
      "뜻한글": "속도를 내다, 가속하다"
    },
    {
      "word": "ACCEDE",
      "level": 7,
      "pronunciation": 9,
      "발음위치": "4",
      "accent": 4,
      "blank": "246",
      "뜻영문": "to agree to a request or a demand(~ to); assent",
      "뜻한글": "수락하다[받아들이다](~ TO)"
    },
    {
      "word": "ACCENT",
      "level": 4,
      "pronunciation": 44,
      "발음위치": "23",
      "accent": 1,
      "blank": "246",
      "뜻영문": "the way people in a particular area pronounce words / special emphasis",
      "뜻한글": "특정 지역의 억양, 강세"
    },
    {
      "word": "ACCENTUATE",
      "level": 6,
      "pronunciation": 44,
      "발음위치": "23",
      "accent": 4,
      "blank": "2479",
      "뜻영문": "to stress or single out something as important; emphasize",
      "뜻한글": "더 눈에 띄게 강조하다"
    },
    {
      "word": "ACCEPT",
      "level": 3,
      "pronunciation": 37,
      "발음위치": "5",
      "accent": 4,
      "blank": "246",
      "뜻영문": "to agree to take something; admit / to believe that something is true",
      "뜻한글": "받아들이다, 인정하다"
    },
    {
      "word": "ACCEPTABLE",
      "level": 3,
      "pronunciation": 37,
      "발음위치": "5",
      "accent": 4,
      "blank": "2479",
      "뜻영문": "worthy of being accepted / fairly good; satisfactory",
      "뜻한글": "받아들일 수 있는, 만족할 만한"
    },
    {
      "word": "ACCESS",
      "level": 4,
      "pronunciation": 44,
      "발음위치": "23",
      "accent": 1,
      "blank": "246",
      "뜻영문": "the act of entering / a way of being able to get something",
      "뜻한글": "접근, 접속, 접근하다"
    },
    {
      "word": "ACCESSIBLE",
      "level": 4,
      "pronunciation": 44,
      "발음위치": "23",
      "accent": 4,
      "blank": "2479",
      "뜻영문": "easy to reach / able to be obtained",
      "뜻한글": "접근 가능한, 이용 가능한, 이해하기 쉬운"
    },
    {
      "word": "ACCESSORY",
      "level": 4,
      "pronunciation": 44,
      "발음위치": "23",
      "accent": 4,
      "blank": "247",
      "뜻영문": "something added to something else to make it more attractive",
      "뜻한글": "액세서리"
    },
    {
      "word": "ACCIDENT",
      "level": 3,
      "pronunciation": 1,
      "발음위치": "1",
      "accent": 1,
      "blank": "246",
      "뜻영문": "an unfortunate happening that usually leads to harm; mishap",
      "뜻한글": "사고, 우연히 일어난 상황"
    },
    {
      "word": "ACCIDENTAL",
      "level": 4,
      "pronunciation": 5,
      "발음위치": "6",
      "accent": 6,
      "blank": "2479",
      "뜻영문": "happening by chance; unexpected",
      "뜻한글": "우연히 발생한"
    },
    {
      "word": "ACCLAIM",
      "level": 6,
      "pronunciation": 6,
      "발음위치": "56",
      "accent": 5,
      "blank": "246",
      "뜻영문": "strong praise / to praise in a very enthusiastic way",
      "뜻한글": "열렬히 찬사를 보내다"
    },
    {
      "word": "ACCOMMODATE",
      "level": 5,
      "pronunciation": 29,
      "발음위치": "17",
      "accent": 4,
      "blank": "2479",
      "뜻영문": "to provide room for someone / to do something helpful for someone",
      "뜻한글": "숙박을[편의를] 제공하다, 수용하다"
    },
    {
      "word": "ACCOMPANY",
      "level": 5,
      "pronunciation": 29,
      "발음위치": "17",
      "accent": 4,
      "blank": "247",
      "뜻영문": "to go along or in company with / to go together with something",
      "뜻한글": "함께 가다, 동반하다"
    },
    {
      "word": "ACCOMPLISH",
      "level": 5,
      "pronunciation": 29,
      "발음위치": "1",
      "accent": 4,
      "blank": "2479",
      "뜻영문": "gain with effort; achieve, attain",
      "뜻한글": "성취하다, 이루다"
    },
    {
      "word": "ACCORD",
      "level": 6,
      "pronunciation": 17,
      "발음위치": "45",
      "accent": 4,
      "blank": "24",
      "뜻영문": "a formal agreement / to be in agreement with / to give officially something desirable",
      "뜻한글": "일치[합의], 일치하다(~ WITH), 주다[부여하다]"
    },
    {
      "word": "ACCOUNT",
      "level": 6,
      "pronunciation": 35,
      "발음위치": "45",
      "accent": 45,
      "blank": "246",
      "뜻영문": "a statement of financial transactions / a?verbal?or written?description / importance",
      "뜻한글": "은행 계좌, 계정, 설명[묘사], 중요성"
    },
    {
      "word": "ACCOUNTABLE",
      "level": 6,
      "pronunciation": 35,
      "발음위치": "45",
      "accent": 45,
      "blank": "2479",
      "뜻영문": "responsible?for what you do and?able?to give a?satisfactory?reason?for it; responsible",
      "뜻한글": "책임을 지고 결정 등에 대해 설명해야 하는"
    },
    {
      "word": "ACCOUNTANT",
      "level": 6,
      "pronunciation": 35,
      "발음위치": "45",
      "accent": 45,
      "blank": "2479",
      "뜻영문": "a person whose job involves keeping financial records for a business",
      "뜻한글": "(금융기록을 관리하는) 회계사"
    },
    {
      "word": "ACCRUE",
      "level": 8,
      "pronunciation": 19,
      "발음위치": "56",
      "accent": 56,
      "blank": "24",
      "뜻영문": "to gradually accumulate or to keep growing in value or size over a period of time",
      "뜻한글": "시간이 지나면서 이자?배당 등이 증식하다"
    },
    {
      "word": "ACCUMULATE",
      "level": 6,
      "pronunciation": 82,
      "발음위치": "4",
      "accent": 4,
      "blank": "2479",
      "뜻영문": "to?gather or acquire?a?large?number?of things over a?long?period?of?time; heap up",
      "뜻한글": "축적하다, 모으다"
    },
    {
      "word": "ACCURACY",
      "level": 6,
      "pronunciation": 29,
      "발음위치": "6",
      "accent": 1,
      "blank": "246",
      "뜻영문": "the?state?of being?correct?and without any?mistakes; precision; correctness",
      "뜻한글": "오차[실수]가 없는 정확함"
    },
    {
      "word": "ACCURATE",
      "level": 6,
      "pronunciation": 29,
      "발음위치": "6",
      "accent": 1,
      "blank": "246",
      "뜻영문": "being?correct?and without any?mistake; precise; exact",
      "뜻한글": "오차[실수]가 없이 정확한"
    },
    {
      "word": "ACCUSE",
      "level": 6,
      "pronunciation": 82,
      "발음위치": "4",
      "accent": 4,
      "blank": "24",
      "뜻영문": "to find fault with; blame / to charge someone with misdeeds or misconduct",
      "뜻한글": "비난하다, 고발하다"
    },
    {
      "word": "ACCUSTOMED",
      "level": 6,
      "pronunciation": 29,
      "발음위치": "1 7",
      "accent": 4,
      "blank": "2479",
      "뜻영문": "familiar with; used to; inured to / customery; regular",
      "뜻한글": "~에 익숙[친숙]한(~ TO), 습관[일상]적인"
    },
    {
      "word": "ACHE",
      "level": 3,
      "pronunciation": 41,
      "발음위치": "234",
      "accent": 0,
      "blank": "2",
      "뜻영문": "a continuous pain that is not sharp?/ to produce a dull continuous pain",
      "뜻한글": "약하게 지속되는 통증, 계속 쑤시다[아프다]"
    },
    {
      "word": "ACHIEVE",
      "level": 5,
      "pronunciation": 9,
      "발음위치": "45",
      "accent": 45,
      "blank": "246",
      "뜻영문": "to reach something by working hard; accomplish; carry through",
      "뜻한글": "성취하다, 이루다"
    },
    {
      "word": "ACHOO",
      "level": 2,
      "pronunciation": 19,
      "발음위치": "45",
      "accent": 45,
      "blank": "24",
      "뜻영문": "used to?imitate?the sound of a sneeze",
      "뜻한글": "재채기할 때 내는 ‘에취’ 소리"
    },
    {
      "word": "ACID",
      "level": 7,
      "pronunciation": 1,
      "발음위치": "1",
      "accent": 1,
      "blank": "2",
      "뜻영문": "a chemical with a sour taste that forms a salt / very critical; caustic",
      "뜻한글": "(화학) 산, 산성, 비판이 신랄한"
    },
    {
      "word": "ACKNOWLEDGE",
      "level": 6,
      "pronunciation": 110,
      "발음위치": "23",
      "accent": 5,
      "blank": "2479",
      "뜻영문": "to?recognize?or?admit?the?reality, truth, or existence of",
      "뜻한글": "인정하다, 받아들이다"
    },
    {
      "word": "ACME",
      "level": 7,
      "pronunciation": 10,
      "발음위치": "4",
      "accent": 1,
      "blank": "2",
      "뜻영문": "the highest point;?apex; summit;?zenith",
      "뜻한글": "가장 높은 수준, 절정, 정점 "
    },
    {
      "word": "ACNE",
      "level": 7,
      "pronunciation": 10,
      "발음위치": "4",
      "accent": 1,
      "blank": "2",
      "뜻영문": "a skin condition which causes a?lot?of?small, red spots?on the face and neck",
      "뜻한글": "여드름 "
    },
    {
      "word": "ACORN",
      "level": 1,
      "pronunciation": 6,
      "발음위치": "1",
      "accent": 1,
      "blank": "24",
      "뜻영문": "a?oval?nut that is the fruit of an oak tree",
      "뜻한글": "도토리"
    },
    {
      "word": "ALLAY",
      "level": 6,
      "pronunciation": 6,
      "발음위치": "45",
      "accent": 4,
      "blank": "24",
      "뜻영문": "?to make fear, doubt, or anger less severe or strong; clam; alleviate; mitigate",
      "뜻한글": "두려움 및 분노 등의 감정을 누그러뜨리다"
    },
    {
      "word": "ANIMOSITY",
      "level": 7,
      "pronunciation": 2,
      "발음위치": "5",
      "accent": 5,
      "blank": "246",
      "뜻영문": "a strong feeling of hatred or enmity; animus",
      "뜻한글": "증오하는 마음, 적대감"
    },
    {
      "word": "ANNUL",
      "level": 8,
      "pronunciation": 28,
      "발음위치": "4",
      "accent": 4,
      "blank": "24",
      "뜻영문": "to make something legally void; invalidate",
      "뜻한글": "효력을 무효로 하다, 취소하다"
    },
    {
      "word": "ANOMALY",
      "level": 6,
      "pronunciation": 2,
      "발음위치": "3",
      "accent": 3,
      "blank": "246",
      "뜻영문": "something that is?unusual?or?seem?strange",
      "뜻한글": "이상한 것, 예상되지 못한 것, 기형, 변칙"
    },
    {
      "word": "ANOMALOUS",
      "level": 6,
      "pronunciation": 2,
      "발음위치": "3",
      "accent": 3,
      "blank": "247",
      "뜻영문": "different from the general or common order or type; abnormal; unnatural",
      "뜻한글": "일반적인 유형 및 예상과는 다른"
    },
    {
      "word": "ANT",
      "level": 1,
      "pronunciation": 1,
      "발음위치": "1",
      "accent": 0,
      "blank": "23",
      "뜻영문": "a small?insect?living?in?well-organized?social?groups",
      "뜻한글": "개미"
    },
    {
      "word": "ANTECEDENT",
      "level": 7,
      "pronunciation": 9,
      "발음위치": "6",
      "accent": 6,
      "blank": "2479",
      "뜻영문": "preceding; prior / a preceding circumstance / ancestors",
      "뜻한글": "앞서 발생한 (상황), 조상[~S], (문법) 선행사"
    },
    {
      "word": "ANTICS",
      "level": 7,
      "pronunciation": 1,
      "발음위치": "1",
      "accent": 1,
      "blank": "24",
      "뜻영문": "a playful or ludicrous act done for fun?",
      "뜻한글": "장난끼가 가득하고 우스꽝스러운 행동"
    },
    {
      "word": "ANIMUS",
      "level": 7,
      "pronunciation": 29,
      "발음위치": "3 5",
      "accent": 1,
      "blank": "24",
      "뜻영문": "strong dislike or enmity;?animosity",
      "뜻한글": "강한 혐오 및 적대감"
    },
    {
      "word": "ASK",
      "level": 1,
      "pronunciation": 1,
      "발음위치": "1",
      "accent": 0,
      "blank": "13",
      "뜻영문": "to put a?question?to someone / to request something",
      "뜻한글": "묻다[물어보다], 요청하다"
    },
    {
      "word": "ASSAIL",
      "level": 7,
      "pronunciation": 6,
      "발음위치": "45",
      "accent": 4,
      "blank": "24",
      "뜻영문": "to attack or criticizeto vigorously or violently; assault",
      "뜻한글": "맹렬하게 공격[비난]하다"
    },
    {
      "word": "ASSAULT",
      "level": 4,
      "pronunciation": 2,
      "발음위치": "45",
      "accent": 45,
      "blank": "246",
      "뜻영문": "to violently attack; assail?/ a violent attack",
      "뜻한글": "맹렬하게 공격하다, 공격(하려는 협박)"
    },
    {
      "word": "ATROPHY",
      "level": 7,
      "pronunciation": 1,
      "발음위치": "1",
      "accent": 1,
      "blank": "246",
      "뜻영문": "to become weak from lack of use or disease / degeneration or decline from disuse",
      "뜻한글": "근육 등의 위축[감소], 위축[감소]되다"
    },
    {
      "word": "BACK",
      "level": 1,
      "pronunciation": 1,
      "발음위치": "2",
      "accent": 0,
      "blank": "14",
      "뜻영문": "the rear part of the body / toward the rear / into the past",
      "뜻한글": "등, 뒤, 뒤로, 지지[후원]하다"
    },
    {
      "word": "BAD",
      "level": 1,
      "pronunciation": 1,
      "발음위치": "2",
      "accent": 0,
      "blank": "1",
      "뜻영문": "not good; poor in quality",
      "뜻한글": "나쁜, 질이 낮은"
    },
    {
      "word": "BADMOUTH",
      "level": 4,
      "pronunciation": 35,
      "발음위치": "56",
      "accent": 2,
      "blank": "246",
      "뜻영문": "to say unkind or critical things about them",
      "뜻한글": "남에 대해 험담하다"
    },
    {
      "word": "BALEFUL",
      "level": 7,
      "pronunciation": 6,
      "발음위치": "2",
      "accent": 2,
      "blank": "246",
      "뜻영문": "?threatening to do something bad or to harm someone; menacing; pernicious; sinister",
      "뜻한글": "불길한 느낌을 주는, 해를 가하려는"
    },
    {
      "word": "BALL",
      "level": 1,
      "pronunciation": 2,
      "발음위치": "2",
      "accent": 0,
      "blank": "13",
      "뜻영문": "a round object used as a toy in various sports such as soccer and tennis",
      "뜻한글": "공"
    },
    {
      "word": "BALLYHOO",
      "level": 8,
      "pronunciation": 1,
      "발음위치": "2",
      "accent": 2,
      "blank": "246",
      "뜻영문": "?blatant advertising or publicity; hype / advertize noisily or blatantly",
      "뜻한글": "지나치게 과장된 선전[홍보](를 하다)"
    },
    {
      "word": "BAMBOOZLE",
      "level": 8,
      "pronunciation": 19,
      "발음위치": "56",
      "accent": 56,
      "blank": "247",
      "뜻영문": "to trick or deceive someone by confusing them; deceive; hoodwink; humbug",
      "뜻한글": "혼동을 유발해 속임수로 원하는 것을 얻다"
    },
    {
      "word": "BANEFUL",
      "level": 8,
      "pronunciation": 6,
      "발음위치": "2",
      "accent": 2,
      "blank": "246",
      "뜻영문": "causing?distress, harm, or destruction; baleful; maleficent; pernicious",
      "뜻한글": "고통, 손상, 파괴 등을 가져오는"
    },
    {
      "word": "BARRAGE",
      "level": 4,
      "pronunciation": 52,
      "발음위치": "67",
      "accent": 5,
      "blank": "246",
      "뜻영문": "a heavy firing of weapons / a great amount of something directed at someone",
      "뜻한글": "집중 포화, 엄청난 양의 질문?비난 같은 것"
    },
    {
      "word": "BASK",
      "level": 4,
      "pronunciation": 1,
      "발음위치": "2",
      "accent": 2,
      "blank": "24",
      "뜻영문": "to?lie?or?sit?enjoying?the?warmth / to enjoy a pleasant situation; relish; savor",
      "뜻한글": "햇볕을 쬐다[일광욕하다], 만끽하다"
    },
    {
      "word": "BAT",
      "level": 1,
      "pronunciation": 1,
      "발음위치": "2",
      "accent": 0,
      "blank": "1",
      "뜻영문": "a long stick used to hit the ball / an animal that has wings and a furry body",
      "뜻한글": "박쥐, (야구) 방망이"
    },
    {
      "word": "BEDEVIL",
      "level": 8,
      "pronunciation": 5,
      "발음위치": "4",
      "accent": 4,
      "blank": "246",
      "뜻영문": "to?constantly cause?problems?for someone or something; plague; torment",
      "뜻한글": "끊임없이 문제점을 유발하거나 괴롭히다"
    },
    {
      "word": "BELLICOSE",
      "level": 8,
      "pronunciation": 5,
      "발음위치": "2",
      "accent": 2,
      "blank": "247",
      "뜻영문": "showing a ready disposition to fight;?belligerent;?pugnacious.",
      "뜻한글": "싸우려고 하는, 호전적인"
    },
    {
      "word": "BENEVOLENT",
      "level": 7,
      "pronunciation": 29,
      "발음위치": "2 6 8",
      "accent": 4,
      "blank": "2479",
      "뜻영문": "?intending?or?showing?goodwill; doing good or giving aid to others; charitable",
      "뜻한글": "친절하고 후하게 베푸는, 자선을 베푸는"
    },
    {
      "word": "BERATE",
      "level": 7,
      "pronunciation": 6,
      "발음위치": "4",
      "accent": 4,
      "blank": "24",
      "뜻영문": "to criticize someone severely or angrily; rebuke; reprimand",
      "뜻한글": "큰 소리로 심하게 혼내다"
    },
    {
      "word": "CALL",
      "level": 1,
      "pronunciation": 2,
      "발음위치": "2",
      "accent": 0,
      "blank": "13",
      "뜻영문": "to speak in a loud voice / to use a?phone?to?talk?to someone",
      "뜻한글": "부르다, 전화하다"
    },
    {
      "word": "CALUMNY",
      "level": 8,
      "pronunciation": 1,
      "발음위치": "2",
      "accent": 2,
      "blank": "246",
      "뜻영문": "a false statement that is made to damage someone's reputation",
      "뜻한글": "남을 깎아내리기 위한 근거 없는 험담[비방]"
    },
    {
      "word": "CAN",
      "level": 1,
      "pronunciation": 1,
      "발음위치": "2",
      "accent": 0,
      "blank": "1",
      "뜻영문": "to be able to / a closed metal container that holds food",
      "뜻한글": "할 수 있다 / 깡통[캔]"
    },
    {
      "word": "CANDY",
      "level": 1,
      "pronunciation": 1,
      "발음위치": "2",
      "accent": 2,
      "blank": "13",
      "뜻영문": " a sweet food made with sugar or chocolate",
      "뜻한글": "캔디, 사탕"
    },
    {
      "word": "CAT",
      "level": 1,
      "pronunciation": 1,
      "발음위치": "2",
      "accent": 0,
      "blank": "1",
      "뜻영문": "a small animal with fur and claws, kept as a pet or for catching mice",
      "뜻한글": "고양이"
    },
    {
      "word": "CHANT",
      "level": 6,
      "pronunciation": 1,
      "발음위치": "3",
      "accent": 0,
      "blank": "24",
      "뜻영문": "utter repetitively and rhythmically / to sing a religious song to a simple tune",
      "뜻한글": "반복 구호를 외치다, 찬송가 등을 부르다, 구호"
    },
    {
      "word": "CHIDE",
      "level": 7,
      "pronunciation": 32,
      "발음위치": "3",
      "accent": 3,
      "blank": "24",
      "뜻영문": "to scold someone gently",
      "뜻한글": "잘못에 대해 가볍게 혼내다"
    },
    {
      "word": "CHOMP",
      "level": 6,
      "pronunciation": 2,
      "발음위치": "3",
      "accent": 3,
      "blank": "24",
      "뜻영문": "to?chew?food?noisily",
      "뜻한글": "큰 소리를 내며 씹어 먹다"
    },
    {
      "word": "COALESCE",
      "level": 6,
      "pronunciation": 16,
      "발음위치": "23",
      "accent": 5,
      "blank": "246",
      "뜻영문": "to come?or grow together to?form?one thing or?system; combine",
      "뜻한글": "한 그룹으로[덩어리로] 결합[연합]하다"
    },
    {
      "word": "COALITION",
      "level": 6,
      "pronunciation": 16,
      "발음위치": "23",
      "accent": 5,
      "blank": "2479",
      "뜻영문": "the union of diverse things into one body or form or group; combination",
      "뜻한글": "결합[연합]"
    },
    {
      "word": "COLOSSAL",
      "level": 6,
      "pronunciation": 2,
      "발음위치": "4",
      "accent": 4,
      "blank": "246",
      "뜻영문": "extremely?large: gigantic; prodigious; stupendous",
      "뜻한글": "거대한"
    },
    {
      "word": "CONTRITE",
      "level": 7,
      "pronunciation": 32,
      "발음위치": "6",
      "accent": 2,
      "blank": "246",
      "뜻영문": "feeling or showing regret for bad behavior; penitent; regretful; remorseful",
      "뜻한글": "잘못된 행위를 후회하고 뉘우치는"
    },
    {
      "word": "CREDO",
      "level": 7,
      "pronunciation": 9,
      "발음위치": "3",
      "accent": 3,
      "blank": "24",
      "뜻영문": "a set of?beliefs?that?guides the actions of a person or group; creed",
      "뜻한글": "행동의 바탕이 되는 신념"
    },
    {
      "word": "CRUCIFY",
      "level": 8,
      "pronunciation": 19,
      "발음위치": "3",
      "accent": 3,
      "blank": "246",
      "뜻영문": "to kill by nailing onto a cross / to criticize or punish someone very harshly",
      "뜻한글": "십자가에 못을 박아 죽이다, 혹독히 비난하다"
    },
    {
      "word": "CRYPTIC",
      "level": 5,
      "pronunciation": 10,
      "발음위치": "3",
      "accent": 3,
      "blank": "246",
      "뜻영문": "hard to understand because of a hidden meaning; enigmatic; inscrutable",
      "뜻한글": "숨겨진 의미 등으로 이해하기가 참 어려운"
    },
    {
      "word": "CULPABLE",
      "level": 8,
      "pronunciation": 28,
      "발음위치": "2",
      "accent": 2,
      "blank": "246",
      "뜻영문": "deserving blame or censure; blameworthy.",
      "뜻한글": "죄가 있는, 비난을 받을 만한"
    },
    {
      "word": "CURB",
      "level": 6,
      "pronunciation": 30,
      "발음위치": "23",
      "accent": 2,
      "blank": "2",
      "뜻영문": "an edge between a sidewalk and a roadway /a limit on something / to restrain; control",
      "뜻한글": "도로와 인도를 구분하는 턱, 억제, 억제하다"
    },
    {
      "word": "DAD",
      "level": 1,
      "pronunciation": 1,
      "발음위치": "2",
      "accent": 0,
      "blank": "1",
      "뜻영문": "a father",
      "뜻한글": "아빠"
    },
    {
      "word": "DANCE",
      "level": 1,
      "pronunciation": 1,
      "발음위치": "2",
      "accent": 0,
      "blank": "13",
      "뜻영문": "to move the body and feet in a pattern to music",
      "뜻한글": "춤, 춤추다"
    },
    {
      "word": "DECELERATE",
      "level": 7,
      "pronunciation": 5,
      "발음위치": "4",
      "accent": 4,
      "blank": "2 4 7 9",
      "뜻영문": "move more slowly; to cause something to happen more slowly",
      "뜻한글": "속도를 늦추다, 감속하다"
    },
    {
      "word": "DECOR",
      "level": 7,
      "pronunciation": 6,
      "발음위치": "2",
      "accent": 4,
      "blank": "24",
      "뜻영문": "style or mode of decoration in a room, building, or the like; decoration",
      "뜻한글": "실내 장식 스타일"
    },
    {
      "word": "DEPLORE",
      "level": 7,
      "pronunciation": 17,
      "발음위치": "567",
      "accent": 5,
      "blank": "246",
      "뜻영문": "to express strong disapproval of something;?condemn; censure",
      "뜻한글": "옳지 않다고 (공개적으로) 강하게 비난하다"
    },
    {
      "word": "DEPRAVED",
      "level": 7,
      "pronunciation": 6,
      "발음위치": "5",
      "accent": 5,
      "blank": "246",
      "뜻영문": "morally wrong or evil",
      "뜻한글": "사악한, 타락한"
    },
    {
      "word": "DETAIN",
      "level": 6,
      "pronunciation": 6,
      "발음위치": "45",
      "accent": 45,
      "blank": "24",
      "뜻영문": "to force someone officially to stay in a place; confine / delay",
      "뜻한글": "못 나가게 감옥 등에 가두다, 지연시키다"
    },
    {
      "word": "DILATE",
      "level": 7,
      "pronunciation": 32,
      "발음위치": "2",
      "accent": 2,
      "blank": "24",
      "뜻영문": "to become wider or larger; distend",
      "뜻한글": "더 넓어지거나 커지다"
    },
    {
      "word": "DISINFECT",
      "level": 6,
      "pronunciation": 5,
      "발음위치": "7",
      "accent": 7,
      "blank": "246",
      "뜻영문": "to?clean?by using?chemicals?to?kill?germs and bacteria?that?cause?disease",
      "뜻한글": "세균 등을 완전히 없애기 위해 소독하다"
    },
    {
      "word": "DISJUNCTION",
      "level": 7,
      "pronunciation": 50,
      "발음위치": "678",
      "accent": 5,
      "blank": "2479",
      "뜻영문": "a?lack?of?connection?between two things; disconnection",
      "뜻한글": "연결돼야 할 부분의 단절[분리]"
    },
    {
      "word": "DISPARAGE",
      "level": 7,
      "pronunciation": 5,
      "발음위치": "5",
      "accent": 5,
      "blank": "247",
      "뜻영문": "to speak contemptuously of;?belittle; depreciate",
      "뜻한글": "얕보는[깔보는] 투로 비판하다"
    },
    {
      "word": "DISSECT",
      "level": 5,
      "pronunciation": 5,
      "발음위치": "5",
      "accent": 5,
      "blank": "246",
      "뜻영문": "to cut something open to study its parts / to examine something in detail; analyze",
      "뜻한글": "관찰을 위해 해부하다, 자세히 분석하다"
    },
    {
      "word": "DISTEND",
      "level": 7,
      "pronunciation": 5,
      "발음위치": "5",
      "accent": 5,
      "blank": "246",
      "뜻영문": "?to?swell?and?become?large because of?pressure?from inside; dilate; expand; swell",
      "뜻한글": "내부 압력으로 부풀어오르다"
    },
    {
      "word": "DOODLE",
      "level": 6,
      "pronunciation": 19,
      "발음위치": "23",
      "accent": 23,
      "blank": "24",
      "뜻영문": "to draw or scribble idly",
      "뜻한글": "아무 생각없이 낙서하다"
    },
    {
      "word": "DOZY",
      "level": 4,
      "pronunciation": 45,
      "발음위치": "3",
      "accent": 2,
      "blank": "24",
      "뜻영문": "tired and wanting to sleep; drowsy; half asleep",
      "뜻한글": "피곤하고 졸리는"
    },
    {
      "word": "DRACONIAN",
      "level": 7,
      "pronunciation": 15,
      "발음위치": "5",
      "accent": 5,
      "blank": "247",
      "뜻영문": "very harsh and cruel; rigorous",
      "뜻한글": "처벌 및 조치 등이 적절한 선을 넘어 너무 심한"
    },
    {
      "word": "DUB",
      "level": 5,
      "pronunciation": 28,
      "발음위치": "2",
      "accent": 0,
      "blank": "2",
      "뜻영문": "to give someone a nickname /  to furnish a film or tape with a new soundtrack",
      "뜻한글": "특징에 맞는 별명을 지어 주다, (영화) 더빙하다"
    },
    {
      "word": "DUPE",
      "level": 7,
      "pronunciation": 19,
      "발음위치": "2",
      "accent": 2,
      "blank": "2",
      "뜻영문": "fool or hoax; deceive;?delude;?trick / a person who is easily deceived or tricked",
      "뜻한글": "속이다, 잘 속아넘어가는 사람"
    },
    {
      "word": "ELATE",
      "level": 8,
      "pronunciation": 6,
      "발음위치": "3",
      "accent": 3,
      "blank": "24",
      "뜻영문": "to make someone very happy and excited",
      "뜻한글": "아주 행복하게 해 주다"
    },
    {
      "word": "ELATED",
      "level": 8,
      "pronunciation": 6,
      "발음위치": "3",
      "accent": 3,
      "blank": "24",
      "뜻영문": "extremely happy and excited: ecstatic; exhilarated",
      "뜻한글": "아주 행복해 하는"
    },
    {
      "word": "ENMITY",
      "level": 6,
      "pronunciation": 5,
      "발음위치": "1",
      "accent": 1,
      "blank": "24",
      "뜻영문": "a feeling hostility; ill will; animosity; antagonism",
      "뜻한글": "증오하는 마음, 적대감"
    },
    {
      "word": "EPITOME",
      "level": 7,
      "pronunciation": 10,
      "발음위치": "1 3 7",
      "accent": 3,
      "blank": "246",
      "뜻영문": "a typcial or perfect example that represents something",
      "뜻한글": "잘 나타내 보여주는 전형적인 예[사례]"
    },
    {
      "word": "EPITOMIZE",
      "level": 7,
      "pronunciation": 10,
      "발음위치": "1 3",
      "accent": 3,
      "blank": "2479",
      "뜻영문": "serve as a typical or perfect example of something; typify",
      "뜻한글": "전형적인 예[사례]로 잘 나타내 보여주다"
    },
    {
      "word": "EQUIVOCATE",
      "level": 8,
      "pronunciation": 75,
      "발음위치": "34",
      "accent": 34,
      "blank": "2479",
      "뜻영문": "to use ambiguous expressions to deceive or mislead someone; prevaricate; hedge",
      "뜻한글": "진실을 피하기 위해 애매하게 얼버무리다"
    },
    {
      "word": "EXCULPATE",
      "level": 8,
      "pronunciation": 44,
      "발음위치": "2",
      "accent": 1,
      "blank": "247",
      "뜻영문": "to clear from a charge of guilt or fault; exonerate; vindicate",
      "뜻한글": "죄를 씻어 주다, 비난으로부터 벗어나게 해 주다"
    },
    {
      "word": "EXONERATE",
      "level": 7,
      "pronunciation": 48,
      "발음위치": "2",
      "accent": 3,
      "blank": "247",
      "뜻영문": "to declare him not guilty of criminal charges; acquit; exculpate",
      "뜻한글": "(법원 등이) 잘못이 없다며 혐의를 벗겨 주다"
    },
    {
      "word": "EXULT",
      "level": 8,
      "pronunciation": 48,
      "발음위치": "2",
      "accent": 3,
      "blank": "24",
      "뜻영문": "?feel extreme happiness; rejoice exceedingly; be highly jubilant",
      "뜻한글": "승리 및 성공 등으로 극도로 행복해 하다"
    },
    {
      "word": "FACETIOUS",
      "level": 7,
      "pronunciation": 9,
      "발음위치": "4",
      "accent": 4,
      "blank": "2468",
      "뜻영문": "not serious about a serious subject to be funny or to appear clever; tongue-in-cheek",
      "뜻한글": "어이없지만 재치 있게 웃기는"
    },
    {
      "word": "FALL",
      "level": 1,
      "pronunciation": 2,
      "발음위치": "2",
      "accent": 0,
      "blank": "13",
      "뜻영문": "to go down quickly from a high place / the season after summer and before winter",
      "뜻한글": "떨어지다, 가을, 폭포(~S)"
    },
    {
      "word": "FAN",
      "level": 1,
      "pronunciation": 1,
      "발음위치": "2",
      "accent": 0,
      "blank": "1",
      "뜻영문": "a person who admires someone enthusiastically / a device used to move the air",
      "뜻한글": "(가수·선수 등) 팬, 부채, 선풍기"
    },
    {
      "word": "FIGMENT",
      "level": 7,
      "pronunciation": 42,
      "발음위치": "3",
      "accent": 2,
      "blank": "246",
      "뜻영문": "something produced by the imagination",
      "뜻한글": "(진짜인 것 같으나 그렇지 않은) 상상의 것"
    },
    {
      "word": "FINAGLE",
      "level": 8,
      "pronunciation": 6,
      "발음위치": "4",
      "accent": 4,
      "blank": "246",
      "뜻영문": "achieve something by means of trickery or devious methods; wrangle",
      "뜻한글": "속임수 등을 써서 원하는 것을 얻어내다"
    },
    {
      "word": "FLIPPANT",
      "level": 7,
      "pronunciation": 10,
      "발음위치": "3",
      "accent": 3,
      "blank": "246",
      "뜻영문": "not?serious?about a?serious?subjec to be?funny?or to?appear?clever",
      "뜻한글": "경솔한 태도로 상황의 심각성을 외면하는"
    },
    {
      "word": "FLUFFY",
      "level": 5,
      "pronunciation": 28,
      "발음위치": "3",
      "accent": 3,
      "blank": "24",
      "뜻영문": "soft, light, and like?wool?or?fur: downy",
      "뜻한글": "부드러운 털로 덮인, 부드럽고 폭신한"
    },
    {
      "word": "FOIL",
      "level": 5,
      "pronunciation": 18,
      "발음위치": "23",
      "accent": 2,
      "blank": "2",
      "뜻영문": "to?prevent?someone from being?successful / a very thin and light sheet of metal",
      "뜻한글": "가로막아 좌절시키다, 호일, 좋게 대조되는 것"
    },
    {
      "word": "FRIVOLOUS",
      "level": 7,
      "pronunciation": 29,
      "발음위치": "5 78",
      "accent": 3,
      "blank": "247",
      "뜻영문": "of little or no worth or importance / silly and not serious",
      "뜻한글": "하찮은, 언행이 진지하지 않고 가벼운"
    },
    {
      "word": "FUZZY",
      "level": 6,
      "pronunciation": 28,
      "발음위치": "2",
      "accent": 2,
      "blank": "24",
      "뜻영문": "covered with soft hairs or fur / unclear and hard to see or hear; indistinct; blurred",
      "뜻한글": "보풀[잔 털]로 덮인, 불분명한"
    },
    {
      "word": "GALL",
      "level": 5,
      "pronunciation": 2,
      "발음위치": "2",
      "accent": 0,
      "blank": "24",
      "뜻영문": "extreme confidence; impudence / to make someone feel annoyed or angry; vex; irk ",
      "뜻한글": "무례한 뻔뻔스러움, 화나게[짜증나게] 하다"
    },
    {
      "word": "GAS",
      "level": 1,
      "pronunciation": 1,
      "발음위치": "2",
      "accent": 0,
      "blank": "3",
      "뜻영문": "a substance that is like air?/ gasoline; petrol",
      "뜻한글": "가스, 휘발유"
    },
    {
      "word": "GEEK",
      "level": 5,
      "pronunciation": 9,
      "발음위치": "23",
      "accent": 0,
      "blank": "14",
      "뜻영문": "a person who is intelligent but socially awkward / someone who is skilled in a subject",
      "뜻한글": "사교성 없는 모범생, 푹 빠져 많이 아는 ~광"
    },
    {
      "word": "GLEE",
      "level": 6,
      "pronunciation": 9,
      "발음위치": "34",
      "accent": 34,
      "blank": "24",
      "뜻영문": "extreme happiness or delight; exultation",
      "뜻한글": "극도의 행복감"
    },
    {
      "word": "GLOAT",
      "level": 6,
      "pronunciation": 15,
      "발음위치": "34",
      "accent": 34,
      "blank": "24",
      "뜻영문": "to show great pleasure because of your own success or another person's failure",
      "뜻한글": "자신의 성공과 남의 실패에  흡족해 하다(~ over)"
    },
    {
      "word": "GOAD",
      "level": 6,
      "pronunciation": 15,
      "발음위치": "23",
      "accent": 23,
      "blank": "24",
      "뜻영문": "urge someone to?stimulate?some action; provoke; spur",
      "뜻한글": "자극을 해서 ???하도록 부추기다, 부추김"
    },
    {
      "word": "GRAND",
      "level": 4,
      "pronunciation": 1,
      "발음위치": "3",
      "accent": 0,
      "blank": "24",
      "뜻영문": "large and impressive; magnificent; splendid",
      "뜻한글": "거대한, 위대한[대단한]"
    },
    {
      "word": "GRIME",
      "level": 6,
      "pronunciation": 32,
      "발음위치": "3",
      "accent": 3,
      "blank": "24",
      "뜻영문": "filthy matter adhering to or ingrained in a surface",
      "뜻한글": "표면에 묻은 더러운 것"
    },
    {
      "word": "GRIMY",
      "level": 6,
      "pronunciation": 32,
      "발음위치": "3",
      "accent": 3,
      "blank": "24",
      "뜻영문": "covered with ingrained dirt or soot; very dirty",
      "뜻한글": "표면에 더럽게 묻어 있는"
    },
    {
      "word": "HAM",
      "level": 1,
      "pronunciation": 1,
      "발음위치": "2",
      "accent": 0,
      "blank": "1",
      "뜻영문": "meat from the leg of a pig, preserved with salt or smoke",
      "뜻한글": "(음식) 햄"
    },
    {
      "word": "HAND",
      "level": 1,
      "pronunciation": 1,
      "발음위치": "2",
      "accent": 0,
      "blank": "14",
      "뜻영문": "the?part?of the?body?at the end of the?arm?used for holding and feeling things",
      "뜻한글": "(신체) 손, 시계 바늘, 건내 주다"
    },
    {
      "word": "HARDEN",
      "level": 4,
      "pronunciation": 3,
      "발음위치": "23",
      "accent": 2,
      "blank": "24",
      "뜻영문": "?to become hard or firm; solidify / to make someone pitiless or unfeeling",
      "뜻한글": "굳어지다, 강해지다, 무감각하게 만들다"
    },
    {
      "word": "HARDENED",
      "level": 4,
      "pronunciation": 3,
      "발음위치": "23",
      "accent": 2,
      "blank": "247",
      "뜻영문": "made hard or harder / made tough or callous because of harsh experiences",
      "뜻한글": "굳어진, 슬픔 및 충격 등에 무감각해진"
    },
    {
      "word": "HAT",
      "level": 1,
      "pronunciation": 1,
      "발음위치": "2",
      "accent": 0,
      "blank": "1",
      "뜻영문": "a covering for the head that has a brim ",
      "뜻한글": "(둥그런) 테가[챙이] 있는 모자"
    },
    {
      "word": "HISS",
      "level": 3,
      "pronunciation": 10,
      "발음위치": "2",
      "accent": 0,
      "blank": "2",
      "뜻영문": "to make a long?'s'?sound / to express disapproval by hissing",
      "뜻한글": "쉬 소리(를 내다), 야유[비난]하다, 씩씩거리다"
    },
    {
      "word": "HOODWINK",
      "level": 8,
      "pronunciation": 19,
      "발음위치": "23",
      "accent": 23,
      "blank": "246",
      "뜻영문": "to trick or deceive someone by confusing them; deceive; bamboozle; humbug",
      "뜻한글": "혼동을 유발해 속임수로 원하는 것을 얻다"
    },
    {
      "word": "HOOT",
      "level": 7,
      "pronunciation": 19,
      "발음위치": "23",
      "accent": 0,
      "blank": "2",
      "뜻영문": "to utter the sound of owls / to utter a loud clamorous shout",
      "뜻한글": "올빼미 소리(를 내다), 큰 소리를 내다"
    },
    {
      "word": "HOWL",
      "level": 4,
      "pronunciation": 35,
      "발음위치": "23",
      "accent": 0,
      "blank": "2",
      "뜻영문": "?(a dor or a wolf) to make a long, crying sound / (wind) to blow hard / shout; scream",
      "뜻한글": "짐승이 짖다, 바람이 세게 불다, 크게 소리치다"
    },
    {
      "word": "HUMANE",
      "level": 6,
      "pronunciation": 6,
      "발음위치": "4",
      "accent": 4,
      "blank": "24",
      "뜻영문": "showing tenderness and compassion for others, especial those who are suffering",
      "뜻한글": "동정심과 자비로 대하는, 인도적인"
    },
    {
      "word": "HUMBUG",
      "level": 8,
      "pronunciation": 28,
      "발음위치": "2 5",
      "accent": 2,
      "blank": "24",
      "뜻영문": "deliberate trickery intended to gain an advantage; fraud; fraudulence; hoax",
      "뜻한글": "원하는 것을 얻기 위한 의도적인 속임수"
    },
    {
      "word": "HYPE",
      "level": 7,
      "pronunciation": 32,
      "발음위치": "2",
      "accent": 2,
      "blank": "2",
      "뜻영문": "publicize in an exaggerated and misleading way / exaggerated publicity",
      "뜻한글": "지나치게 과장된 선전[홍보](를 하다)"
    },
    {
      "word": "HYPERBOLE",
      "level": 7,
      "pronunciation": 10,
      "발음위치": "9",
      "accent": 4,
      "blank": "247",
      "뜻영문": "obvious exaggeration",
      "뜻한글": "사실을 너무 부풀리거나 축소하는 과장(법)"
    },
    {
      "word": "ILL WILL",
      "level": 6,
      "pronunciation": 75,
      "발음위치": "56",
      "accent": 56,
      "blank": "257",
      "뜻영문": "hostile feeling; hostility; malevolence; enmity",
      "뜻한글": "남에게 적대적인 악의, 앙심"
    },
    {
      "word": "IMPASSIONED",
      "level": 7,
      "pronunciation": 1,
      "발음위치": "4",
      "accent": 4,
      "blank": "2479",
      "뜻영문": "filled with intense feeling or passion; passionate; ardent; fervent; torrid",
      "뜻한글": "강한 열정의, 강하게 표출하는"
    },
    {
      "word": "IMPLORE",
      "level": 7,
      "pronunciation": 17,
      "발음위치": "567",
      "accent": 5,
      "blank": "246",
      "뜻영문": "to?ask?or beg for something in a?sincere and emotional way; beseech; entreat",
      "뜻한글": "애원[간청]하다, 간절히 바라다"
    },
    {
      "word": "IMPUGN",
      "level": 8,
      "pronunciation": 107,
      "발음위치": "5",
      "accent": 4,
      "blank": "24",
      "뜻영문": "to criticize by doubting someone’s character, honesty, or ability",
      "뜻한글": "성품?의도 등의 진실성을 의심하며 비판하다"
    },
    {
      "word": "IMPUTE",
      "level": 7,
      "pronunciation": 19,
      "발음위치": "4",
      "accent": 4,
      "blank": "24",
      "뜻영문": "to blame someone for doing something bad; ascribe; attribute",
      "뜻한글": "부정적 결과를 ???의 탓[책임]으로 돌리다"
    },
    {
      "word": "INCENDIARY",
      "level": 7,
      "pronunciation": 5,
      "발음위치": "4",
      "accent": 4,
      "blank": "2479",
      "뜻영문": "causing fires / causing strong feelings of anger; seditious",
      "뜻한글": "인화성의, 분노를 유발하는[선동적인]"
    },
    {
      "word": "INFATUATED",
      "level": 8,
      "pronunciation": 54,
      "발음위치": "5",
      "accent": 4,
      "blank": "2479",
      "뜻영문": "possessed by a foolish or very strong love or admiration; enamored; smitten",
      "뜻한글": "완전히 푹 빠진[매료된](~ WITH)"
    },
    {
      "word": "INFLAMMATORY",
      "level": 6,
      "pronunciation": 1,
      "발음위치": "5",
      "accent": 5,
      "blank": "247911",
      "뜻영문": "intended or likely to cause anger or hate / causing swelling and pain in the body",
      "뜻한글": "염증을 일으키는, 분노를 유발하는[선동적인]"
    },
    {
      "word": "INGRAINED",
      "level": 5,
      "pronunciation": 6,
      "발음위치": "56",
      "accent": 5,
      "blank": "2468",
      "뜻영문": "so firmly held and very difficult to change; deep-rooted; deep-seated; inveterate",
      "뜻한글": "오랫동안 뿌리 박혀 변하기 어려운"
    },
    {
      "word": "INHUMANE",
      "level": 6,
      "pronunciation": 6,
      "발음위치": "6",
      "accent": 6,
      "blank": "246",
      "뜻영문": "cruel?and?causing?suffering?to?people?or?animals; brutal",
      "뜻한글": "동정심과 자비가 없는, 비인도[비인간]적인"
    },
    {
      "word": "INSCRUTABLE",
      "level": 7,
      "pronunciation": 19,
      "발음위치": "6",
      "accent": 6,
      "blank": "2479",
      "뜻영문": "very difficult to understand or get to know; cryptic; impenetrable; mysterious",
      "뜻한글": "이해하기 힘든, 아리송하고 혼란스럽게 하는"
    },
    {
      "word": "INTRUSIVE",
      "level": 7,
      "pronunciation": 19,
      "발음위치": "5",
      "accent": 5,
      "blank": "247",
      "뜻영문": "annoying someone by interfering with their privacy; meddlesome",
      "뜻한글": "끼어드는, 참견[간섭]하는"
    },
    {
      "word": "INVECTIVE",
      "level": 7,
      "pronunciation": 5,
      "발음위치": "4",
      "accent": 4,
      "blank": "247",
      "뜻영문": "harsh or insulting words used to express blame or censure; vitriol?",
      "뜻한글": "상당히 거칠고 모욕적인 비난"
    },
    {
      "word": "INVETERATE",
      "level": 7,
      "pronunciation": 5,
      "발음위치": "4",
      "accent": 4,
      "blank": "2479",
      "뜻영문": "done as a?habit?and not?likely?to?change; chronic; habitual",
      "뜻한글": "습관적인[상습적인], 변하지 않고 계속되는"
    },
    {
      "word": "JAM",
      "level": 1,
      "pronunciation": 1,
      "발음위치": "2",
      "accent": 0,
      "blank": "1",
      "뜻영문": "a sweet food made by cooking fruit with sugar / fill a place completely",
      "뜻한글": "(음식) 잼 / 꽉 채우다"
    },
    {
      "word": "JANGLE",
      "level": 4,
      "pronunciation": 98,
      "발음위치": "34",
      "accent": 2,
      "blank": "24",
      "뜻영문": "to produce a harsh, discordant sound typical of metallic objects",
      "뜻한글": "시끄럽게 땡그랑거리는 소리(를 내다)"
    },
    {
      "word": "JINGLE",
      "level": 4,
      "pronunciation": 98,
      "발음위치": "34",
      "accent": 2,
      "blank": "24",
      "뜻영문": "to produce clinking or tinkling sounds typical of light, resonant metal objects?",
      "뜻한글": "시끄럽게 땡그랑거리는 소리(를 내다)"
    },
    {
      "word": "JUBILANT",
      "level": 8,
      "pronunciation": 19,
      "발음위치": "2",
      "accent": 2,
      "blank": "246",
      "뜻영문": "feeling?great?happiness because of a?success; rejoicing; exultant",
      "뜻한글": "승리 및 성공 등으로 너무 행복한"
    },
    {
      "word": "LAND",
      "level": 1,
      "pronunciation": 1,
      "발음위치": "2",
      "accent": 0,
      "blank": "14",
      "뜻영문": "the?surface?of the?earth?not?covered?by?water / to arrive on the ground after a flight",
      "뜻한글": "땅[육지], 착륙하다, 표면에 떨어지다"
    },
    {
      "word": "LAUNDROMAT",
      "level": 5,
      "pronunciation": 2,
      "발음위치": "23",
      "accent": 23,
      "blank": "2479",
      "뜻영문": "a self-service laundry having coin-operated washers, driers, etc",
      "뜻한글": "빨래방, 셀프 세탁소"
    },
    {
      "word": "LEVITY",
      "level": 8,
      "pronunciation": 5,
      "발음위치": "2",
      "accent": 2,
      "blank": "24",
      "뜻영문": "lack of appropriate seriousness or earnestness; flippancy; frivolity",
      "뜻한글": "심각한 사안을 심각하지 않게 대하는 경솔함"
    },
    {
      "word": "LIQUIDATE",
      "level": 6,
      "pronunciation": 75,
      "발음위치": "45",
      "accent": 45,
      "blank": "247",
      "뜻영문": "to sell assets to pay off debt / to get rid of someone by killing",
      "뜻한글": "빚을 갚기 위해 재산을 팔다, 채무를 다 갚다, 없애다[죽이다]"
    },
    {
      "word": "LOPSIDED",
      "level": 6,
      "pronunciation": 32,
      "발음위치": "5",
      "accent": 2,
      "blank": "246",
      "뜻영문": "having one side lower or smaller than the other; not?equally?balanced; uneven",
      "뜻한글": "한쪽으로 치우친, 균형이 맞지 않는"
    },
    {
      "word": "LYNCH",
      "level": 7,
      "pronunciation": 10,
      "발음위치": "2",
      "accent": 2,
      "blank": "24",
      "뜻영문": "to kill someone illegally by mob action ",
      "뜻한글": "처벌 차원에서 다수의 힘으로 불법으로 죽이다"
    },
    {
      "word": "MALEFICENT",
      "level": 7,
      "pronunciation": 29,
      "발음위치": "2 6 8",
      "accent": 4,
      "blank": "2479",
      "뜻영문": "doing evil or harm; baleful; baneful; evil; malicious",
      "뜻한글": "해를 가하려는[사악한]"
    },
    {
      "word": "MALEVOLENT",
      "level": 7,
      "pronunciation": 29,
      "발음위치": "2 6 8",
      "accent": 4,
      "blank": "2479",
      "뜻영문": "causing or wanting to cause harm or evil; ill-disposed; injurious; malicious; malign",
      "뜻한글": "해를 가하려는[사악한]"
    },
    {
      "word": "MALIGN",
      "level": 7,
      "pronunciation": 107,
      "발음위치": "5",
      "accent": 4,
      "blank": "24",
      "뜻영문": "speak evil of; impugn; slander; defame / intending to cause harm or evil; maleficent",
      "뜻한글": "혹독하게 비난하다, 해를 가하려는[사악한]"
    },
    {
      "word": "MAN",
      "level": 1,
      "pronunciation": 1,
      "발음위치": "2",
      "accent": 0,
      "blank": "1",
      "뜻영문": "an adult male person",
      "뜻한글": "성인 남자"
    },
    {
      "word": "MEDDLE",
      "level": 6,
      "pronunciation": 40,
      "발음위치": "34",
      "accent": 2,
      "blank": "24",
      "뜻영문": "intrude in other people's affairs; interfere unwantedly",
      "뜻한글": "짜증나게 참견[간섭]하다, 마구 손대다"
    },
    {
      "word": "MEDDLESOME",
      "level": 6,
      "pronunciation": 40,
      "발음위치": "34",
      "accent": 2,
      "blank": "2479",
      "뜻영문": "intrusive in an offensive manner",
      "뜻한글": "짜증나게 남의 일에 참견[간섭]하는"
    },
    {
      "word": "MELEE",
      "level": 7,
      "pronunciation": 6,
      "발음위치": "2 45",
      "accent": 2,
      "blank": "24",
      "뜻영문": "a confused struggle or fight among many people",
      "뜻한글": "여러 사람들이 휘말린 무질서한 아귀다툼"
    },
    {
      "word": "MORATORIUM",
      "level": 7,
      "pronunciation": 17,
      "발음위치": "67",
      "accent": 6,
      "blank": "2479",
      "뜻영문": "a suspension of a particular activity for an agreed amount of time",
      "뜻한글": "일정 기간 동안 특정 활동의 중지"
    },
    {
      "word": null,
      "level": 8,
      "pronunciation": 28,
      "발음위치": "2",
      "accent": 0,
      "blank": "2",
      "뜻영문": "having no?legal?force; invalid / having no value or effect",
      "뜻한글": "법률적 효력이 없는, 가치 및 효과가 없는"
    },
    {
      "word": "NULLIFY",
      "level": 8,
      "pronunciation": 28,
      "발음위치": "2",
      "accent": 2,
      "blank": "246",
      "뜻영문": "to make something invalid or ineffective; annul; invalidate; negate",
      "뜻한글": "효력을 무효로 하다, 효과를 없애다"
    },
    {
      "word": "OBTRUDE",
      "level": 7,
      "pronunciation": 19,
      "발음위치": "5",
      "accent": 5,
      "blank": "246",
      "뜻영문": "to thrust upon a person in an annoying way; intrude",
      "뜻한글": "짜증나게 끼어들다, 지나치게 눈에 띄다"
    },
    {
      "word": "OBTRUSIVE",
      "level": 7,
      "pronunciation": 19,
      "발음위치": "5",
      "accent": 5,
      "blank": "247",
      "뜻영문": "bothering people when you are not welcome / undesirably noticeable",
      "뜻한글": "짜능나게 끼어드는, 지나치게 눈에 띄는"
    },
    {
      "word": "OCCASION",
      "level": 5,
      "pronunciation": 52,
      "발음위치": "5",
      "accent": 4,
      "blank": "246",
      "뜻영문": "a special event or time / bring about; cause",
      "뜻한글": "특별 행사, 특별한 때, 기회, 유발하다"
    },
    {
      "word": "OODLES",
      "level": 6,
      "pronunciation": 19,
      "발음위치": "12",
      "accent": 12,
      "blank": "24",
      "뜻영문": "a large amount of something",
      "뜻한글": "상당히 많은 양"
    },
    {
      "word": "OVERBOARD",
      "level": 5,
      "pronunciation": 17,
      "발음위치": "678",
      "accent": 1,
      "blank": "247",
      "뜻영문": "over the?side?of a?boat?or?ship?and into the?water / to extremes",
      "뜻한글": "배 밖으로, 버려져, 너무 지나치게(GO ~)"
    },
    {
      "word": "OVERGROWN",
      "level": 5,
      "pronunciation": 15,
      "발음위치": "1 78",
      "accent": 78,
      "blank": "2468",
      "뜻영문": "covered?with?plants?growing?thickly?and uncontrollably / grown to too large a size ",
      "뜻한글": "(식물) 너무 무성하게 자란, 너무 성장한"
    },
    {
      "word": "OVERHAUL",
      "level": 6,
      "pronunciation": 2,
      "발음위치": "67",
      "accent": 67,
      "blank": "246",
      "뜻영문": "to?completely?change?something in order to improve it",
      "뜻한글": "수리와 교체를 통해 완전히 개선하다"
    },
    {
      "word": "OVERTURN",
      "level": 6,
      "pronunciation": 30,
      "발음위치": "67",
      "accent": 6,
      "blank": "246",
      "뜻영문": "to turn something over / to reverse an official decision",
      "뜻한글": "뒤집다, 판결 등을 뒤엎다, 데굴데굴 구르다"
    },
    {
      "word": "PALATABLE",
      "level": 7,
      "pronunciation": 1,
      "발음위치": "2",
      "accent": 2,
      "blank": "247",
      "뜻영문": "acceptable to the taste; savory; toothsome / pleasant or acceptable",
      "뜻한글": "맛이 괜찮은, 수용 가능하고 만족할 만한"
    },
    {
      "word": "PAN",
      "level": 1,
      "pronunciation": 1,
      "발음위치": "2",
      "accent": 0,
      "blank": "1",
      "뜻영문": "a metal container that has a handle, used for cooking things ",
      "뜻한글": "프라이 팬, 혹평하다, 전개되다[펼쳐지다]"
    },
    {
      "word": "PANCAKE",
      "level": 1,
      "pronunciation": 1,
      "발음위치": "2",
      "accent": 1,
      "blank": "246",
      "뜻영문": "a thin, round cake made from a mixture of flour, milk, and egg",
      "뜻한글": "팬케이크"
    },
    {
      "word": "PEEP",
      "level": 5,
      "pronunciation": 9,
      "발음위치": "23",
      "accent": 0,
      "blank": "2",
      "뜻영문": "?to take a quick, secret glance at something, especially through a small aperture ",
      "뜻한글": "몰래 들여다보다, 흘끗 보다, 살짝 보이다"
    },
    {
      "word": "PENITENT",
      "level": 7,
      "pronunciation": 4,
      "발음위치": "2",
      "accent": 2,
      "blank": "246",
      "뜻영문": "feeling or expressing remorse for misdeeds; repentant; contrite",
      "뜻한글": "잘못된 행위를 뉘우치는"
    },
    {
      "word": "PERNICIOUS",
      "level": 8,
      "pronunciation": 29,
      "발음위치": "789",
      "accent": 5,
      "blank": "2479",
      "뜻영문": "causing insidious harm or damage; baleful; banelful; malicious",
      "뜻한글": "은밀히 상당한 해를 끼치는"
    },
    {
      "word": "PERTURB",
      "level": 6,
      "pronunciation": 30,
      "발음위치": "56",
      "accent": 5,
      "blank": "246",
      "뜻영문": "to worry or upset someone; disquiet",
      "뜻한글": "걱정하게 하거나 당황하게 하다"
    },
    {
      "word": "PILFER",
      "level": 8,
      "pronunciation": 10,
      "발음위치": "2",
      "accent": 2,
      "blank": "24",
      "뜻영문": "to?steal?things of?small?value",
      "뜻한글": "가치가 높지 않은 물건을 몰래 가져가다"
    },
    {
      "word": "PLUSH",
      "level": 4,
      "pronunciation": 28,
      "발음위치": "3",
      "accent": 0,
      "blank": "24",
      "뜻영문": "(fabric) thick and soft / expensively luxurious",
      "뜻한글": "(직물) 두껍고 부드러운, 비싸고 호화스러운"
    },
    {
      "word": "PORTEND",
      "level": 7,
      "pronunciation": 5,
      "발음위치": "5",
      "accent": 5,
      "blank": "246",
      "뜻영문": "to show a sign in advance that something unpleasant is about to happen",
      "뜻한글": "곧 일어날 상황에 대한 불길한 징조를 보이다"
    },
    {
      "word": "POSH",
      "level": 6,
      "pronunciation": null,
      "발음위치": "2",
      "accent": 0,
      "blank": "2",
      "뜻영문": "expensive and of high quality: fancy; luxurious; sumptuous; swanky",
      "뜻한글": "아주 세련되고 비싼"
    },
    {
      "word": "PREVARICATE",
      "level": 8,
      "pronunciation": 5,
      "발음위치": "5",
      "accent": 5,
      "blank": "2479",
      "뜻영문": "to avoid telling the truth by speaking misleadingly; equivocate; hedge",
      "뜻한글": "얼버무리면서 사실에 대한 언급을 회피하다"
    },
    {
      "word": "PRODIGIOUS",
      "level": 7,
      "pronunciation": 29,
      "발음위치": "789",
      "accent": 5,
      "blank": "2479",
      "뜻영문": "wonderful or marvelous / very big; colossal",
      "뜻한글": "정말 인상적이고 대단한, 거대한[엄청난]"
    },
    {
      "word": "PROMINENT",
      "level": 7,
      "pronunciation": 29,
      "발음위치": "5 7",
      "accent": 3,
      "blank": "2479",
      "뜻영문": "widely known; eminent / sticking out above the rest; conspicuous",
      "뜻한글": "유명한, 눈에 잘 띄는, 돌출한"
    },
    {
      "word": "PROPRIETOR",
      "level": 6,
      "pronunciation": 33,
      "발음위치": "67",
      "accent": 6,
      "blank": "2479",
      "뜻영문": "someone who owns a business or property; owner",
      "뜻한글": "업체 및 재산 등의 소유주"
    },
    {
      "word": "PROWESS",
      "level": 7,
      "pronunciation": 35,
      "발음위치": "34",
      "accent": 34,
      "blank": "246",
      "뜻영문": "exceptional skill, ability, or valor",
      "뜻한글": "상당한 능력[기량] 및 용기"
    },
    {
      "word": "QUASH",
      "level": 8,
      "pronunciation": 58,
      "발음위치": "23",
      "accent": 23,
      "blank": "24",
      "뜻영문": "to put down or suppress completely; quell; subdue /  to annul or make void a decision",
      "뜻한글": "진압하다[억누르다], 판결 등을 무효로 하다"
    },
    {
      "word": "QUELL",
      "level": 7,
      "pronunciation": 76,
      "발음위치": "23",
      "accent": 0,
      "blank": "24",
      "뜻영문": "to?suppress?or?beat?down;?qauah; subdue / to calm fear or worry; allay",
      "뜻한글": "힘으로 진압하다, 두려움[걱정]을 진정시키다"
    },
    {
      "word": "QUENCH",
      "level": 7,
      "pronunciation": 76,
      "발음위치": "23",
      "accent": 0,
      "blank": "24",
      "뜻영문": "to put out; extinguish / to slake, satisfy, or allay thirst or passion",
      "뜻한글": "불을 끄다, 갈증 및 욕망을 풀다[가라앉히다)"
    },
    {
      "word": "QUIBBLE",
      "level": 7,
      "pronunciation": 75,
      "발음위치": "23",
      "accent": 23,
      "blank": "246",
      "뜻영문": "?to argue or complain about trivial things; bicker; squabble",
      "뜻한글": "사소한 것에 대한 불평 및 논쟁(을 하다)"
    },
    {
      "word": "RAMPANT",
      "level": 7,
      "pronunciation": 1,
      "발음위치": "2",
      "accent": 2,
      "blank": "246",
      "뜻영문": "spreading or growing very quickly?and in a way that is difficult to control",
      "뜻한글": "급속히 확산돼[악화돼] 제어가 안 되는"
    },
    {
      "word": "RANCOR",
      "level": 8,
      "pronunciation": 99,
      "발음위치": "34",
      "accent": 2,
      "blank": "24",
      "뜻영문": "a feeling of deep and bitter resentment and ill-will; hatred; malice.",
      "뜻한글": "깊은 원한 또는 악감정"
    },
    {
      "word": "RANCOROUS",
      "level": 8,
      "pronunciation": 99,
      "발음위치": "34",
      "accent": 2,
      "blank": "247",
      "뜻영문": "showing deep-seated resentment and ill-will; resentful",
      "뜻한글": "깊은 원한 또는 악감정을 품은"
    },
    {
      "word": "REBUKE",
      "level": 7,
      "pronunciation": 82,
      "발음위치": "4",
      "accent": 4,
      "blank": "24",
      "뜻영문": "to criticize someone severely or angrily; berate / stern remprimand",
      "뜻한글": "심하게 혼내다, 심한 꾸지람"
    },
    {
      "word": "RECOUNT",
      "level": 4,
      "pronunciation": 35,
      "발음위치": "45",
      "accent": 45,
      "blank": "246",
      "뜻영문": "to give a detailed account of how something happened; narrate",
      "뜻한글": "일어난 상황에 대해 설명[묘사]하다"
    },
    {
      "word": "REDRESS",
      "level": 6,
      "pronunciation": 5,
      "발음위치": "5",
      "accent": 5,
      "blank": "246",
      "뜻영문": "to correct something that is wrong or unfair / compensation for a wrong or unfairness",
      "뜻한글": "잘못된 점을 바르게 고치다, 보상(금)"
    },
    {
      "word": "REJOICE",
      "level": 6,
      "pronunciation": 18,
      "발음위치": "45",
      "accent": 4,
      "blank": "246",
      "뜻영문": "to?feel?or express great?joy?or happiness(~ at, in, over); take delight",
      "뜻한글": "아주 기뻐하다[행복해 하다](~ AT, IN, OVER)"
    },
    {
      "word": "REJOIN",
      "level": 6,
      "pronunciation": 18,
      "발음위치": "45",
      "accent": 4,
      "blank": "24",
      "뜻영문": "to?join?together again; reunite / to reply to in a clever, critical way; retort",
      "뜻한글": "다시 결합[합류]하다, 날카롭게 대답하다"
    },
    {
      "word": "REPENT",
      "level": 7,
      "pronunciation": 5,
      "발음위치": "4",
      "accent": 4,
      "blank": "24",
      "뜻영문": "to feel sorry for past conduct; regret; rue",
      "뜻한글": "일어난 일에 대해 후회하고 뉘우치다"
    },
    {
      "word": "RESONANT",
      "level": 6,
      "pronunciation": 45,
      "발음위치": "3",
      "accent": 2,
      "blank": "246",
      "뜻영문": "producing a loud, deep sound; resounding; reverberative / very impressive",
      "뜻한글": "크고 깊게 울려퍼지는, 큰 감동을 주는"
    },
    {
      "word": "RESONATE",
      "level": 6,
      "pronunciation": 45,
      "발음위치": "3",
      "accent": 2,
      "blank": "246",
      "뜻영문": "to produce a loud, deep sound; resound; reverberate / to make a strong impression",
      "뜻한글": "크고 깊게 울려 퍼지다, 큰 감동을 주다"
    },
    {
      "word": "RESOUND",
      "level": 6,
      "pronunciation": 45,
      "발음위치": "3",
      "accent": 45,
      "blank": "246",
      "뜻영문": "?to make a loud, echoing, or prolonged sound; resonate / to make a strong impression",
      "뜻한글": "크고 깊게 울려 퍼지다, 큰 감동을 주다"
    },
    {
      "word": "RETORT",
      "level": 7,
      "pronunciation": 17,
      "발음위치": "45",
      "accent": 4,
      "blank": "24",
      "뜻영문": "to reply sharply, or angrily to someone; rejoina / a quick answer that is angry or funny",
      "뜻한글": "날카롭게 대답하다[받아치다], 그런 대답"
    },
    {
      "word": "RETROFIT",
      "level": 8,
      "pronunciation": 5,
      "발음위치": "2",
      "accent": 7,
      "blank": "246",
      "뜻영문": "replace old parts with new ones; overhaul",
      "뜻한글": "전에 없던 새로운 부품으로 교체하다"
    },
    {
      "word": "REVERBERATE",
      "level": 7,
      "pronunciation": 30,
      "발음위치": "45",
      "accent": 4,
      "blank": "2479",
      "뜻영문": "to cause a sound to travel back and forth; echo; resound / to have a strong effect",
      "뜻한글": "메아리처럼 소리가 계속 진동하다, 큰 영향을 끼치다"
    },
    {
      "word": "ROUSE",
      "level": 7,
      "pronunciation": 35,
      "발음위치": "23",
      "accent": 23,
      "blank": "24",
      "뜻영문": "to wake someone from sleep / to make someone more active / to stir or incite",
      "뜻한글": "잠에서 깨우다, 감정을 일으키다, 자극하다, "
    },
    {
      "word": "RUE",
      "level": 7,
      "pronunciation": 19,
      "발음위치": "23",
      "accent": 0,
      "blank": "2",
      "뜻영문": "to feel sorrow or regret for something; repent",
      "뜻한글": "이미 발생한 일에 대해 후회하다"
    },
    {
      "word": "RUEFUL",
      "level": 7,
      "pronunciation": 19,
      "발음위치": "23",
      "accent": 23,
      "blank": "24",
      "뜻영문": "feeling sorrow, repentance, or regret for something; contrite; remorseful",
      "뜻한글": "이미 발생한 일에 대해 후회하는"
    },
    {
      "word": "SAD",
      "level": 1,
      "pronunciation": 1,
      "발음위치": "2",
      "accent": 0,
      "blank": "1",
      "뜻영문": "not happy; sorrowful",
      "뜻한글": "슬픈"
    },
    {
      "word": "SALT",
      "level": 1,
      "pronunciation": 2,
      "발음위치": "2",
      "accent": 0,
      "blank": "13",
      "뜻영문": "a natural white substance used especially to flavor or preserve food",
      "뜻한글": "소금"
    },
    {
      "word": "SALUTARY",
      "level": 7,
      "pronunciation": 1,
      "발음위치": "2",
      "accent": 2,
      "blank": "246",
      "뜻영문": "causing improvement after something unpleasant has happened",
      "뜻한글": "안 좋은 상황이었지만 결국 도움[보탬]을 주는"
    },
    {
      "word": "SAND",
      "level": 1,
      "pronunciation": 1,
      "발음위치": "2",
      "accent": 0,
      "blank": "14",
      "뜻영문": " very small grains of rock that cover beaches, deserts, etc",
      "뜻한글": "모래"
    },
    {
      "word": "SAVIOR",
      "level": 6,
      "pronunciation": 86,
      "발음위치": "456",
      "accent": 2,
      "blank": "24",
      "뜻영문": "a person who rescues you from danger or failure",
      "뜻한글": "(큰 도움을 준) 구원자"
    },
    {
      "word": "SAVOR",
      "level": 6,
      "pronunciation": 6,
      "발음위치": "2",
      "accent": 2,
      "blank": "24",
      "뜻영문": "a good taste or smell / to enjoy food or an experience as long as possible",
      "뜻한글": "맛?향기?즐거움(을 맛보고 만끽하다)"
    },
    {
      "word": "SAVORY",
      "level": 6,
      "pronunciation": 6,
      "발음위치": "2",
      "accent": 2,
      "blank": "24",
      "뜻영문": "full of flavor; delicious / having a spicy, salty or piquant flavor",
      "뜻한글": "맛과 향이 좋은, 톡 쏘거나 맵거나 짠"
    },
    {
      "word": "SCALD",
      "level": 5,
      "pronunciation": 2,
      "발음위치": "3",
      "accent": 3,
      "blank": "24",
      "뜻영문": "burn with a hot liquid or steam /  to put something in boiling water for a brief time",
      "뜻한글": "뜨거운 물 및 스팀에 데게 하다 / 끓는 물에 살짝 데치다"
    },
    {
      "word": "SCRUPULOUS",
      "level": 7,
      "pronunciation": 19,
      "발음위치": "4",
      "accent": 4,
      "blank": "2479",
      "뜻영문": "doing everything correctly and exactly / careful about doing what is morally right",
      "뜻한글": "정확[세심]한, 정직한[양심적인]"
    },
    {
      "word": "SCRUTINIZE",
      "level": 7,
      "pronunciation": 19,
      "발음위치": "4",
      "accent": 4,
      "blank": "2479",
      "뜻영문": "to examine in detail with careful attention",
      "뜻한글": "세심히[신중히] 조사[검토]하다"
    },
    {
      "word": "SCRUTINY",
      "level": 7,
      "pronunciation": 19,
      "발음위치": "4",
      "accent": 4,
      "blank": "246",
      "뜻영문": "the act of examining something closely",
      "뜻한글": "세심한 조사, 신중한 검토"
    },
    {
      "word": "SEDITION",
      "level": 7,
      "pronunciation": 10,
      "발음위치": "2 4",
      "accent": 4,
      "blank": "246",
      "뜻영문": "an illegal action inciting resistance to a government",
      "뜻한글": "체제[정권] 저항을 선동하는 불법 행위"
    },
    {
      "word": "SENTIENT",
      "level": 5,
      "pronunciation": 46,
      "발음위치": "4",
      "accent": 2,
      "blank": "246",
      "뜻영문": "able?to?experience?feelings",
      "뜻한글": "느낄 수 있는, 감각이 있는"
    },
    {
      "word": "SHRIVEL",
      "level": 7,
      "pronunciation": 10,
      "발음위치": "4",
      "accent": 4,
      "blank": "246",
      "뜻영문": "to contract and wrinkle from heat, cold, or dryness; wither / decrease; shrink",
      "뜻한글": "열기?추위?노쇠 등으로 마르고 시들다"
    },
    {
      "word": "SILLY",
      "level": 4,
      "pronunciation": 10,
      "발음위치": "2 5",
      "accent": 2,
      "blank": "24",
      "뜻영문": "foolish or ridiculous; ludicrous / not important; frivolous; trivial",
      "뜻한글": "어리석은, 우스꽝스러운, 가치가 없는"
    },
    {
      "word": "SINISTER",
      "level": 7,
      "pronunciation": 10,
      "발음위치": "2",
      "accent": 2,
      "blank": "246",
      "뜻영문": "threatening or portending harm or trouble; ominous; baleful",
      "뜻한글": "불길한 느낌을 주는"
    },
    {
      "word": "SINUOUS",
      "level": 7,
      "pronunciation": 23,
      "발음위치": "456",
      "accent": 2,
      "blank": "246",
      "뜻영문": "having many curves and turns; winding",
      "뜻한글": "구불구불한, 몸이 부드럽게 휘는"
    },
    {
      "word": "SKYROCKET",
      "level": 6,
      "pronunciation": 32,
      "발음위치": "3",
      "accent": 3,
      "blank": "247",
      "뜻영문": "to increase rapidly to unexpected levels",
      "뜻한글": "상당히 높은 수준으로 급상승하다"
    },
    {
      "word": "SLAKE",
      "level": 7,
      "pronunciation": 6,
      "발음위치": "3",
      "accent": 0,
      "blank": "24",
      "뜻영문": "to?satisfy?a?feeling?of being?thirsty?or of?wanting?something; quench; allay; assuage",
      "뜻한글": "갈증 및 욕망을 풀다[가라앉히다)"
    },
    {
      "word": "SLIME",
      "level": 6,
      "pronunciation": 32,
      "발음위치": "3",
      "accent": 0,
      "blank": "24",
      "뜻영문": "a liquid that's slippery and gooey / a very unpleasant person",
      "뜻한글": "끈적끈적한 액체, 불쾌하고 못된 사람"
    },
    {
      "word": "SLIMY",
      "level": 6,
      "pronunciation": 32,
      "발음위치": "3",
      "accent": 3,
      "blank": "24",
      "뜻영문": "covered with or resembling slime; viscous / very unpleasant and immoral",
      "뜻한글": "끈적끈적한, 불쾌하고 못된, 혐오스러운"
    },
    {
      "word": "SMITTEN",
      "level": 5,
      "pronunciation": 96,
      "발음위치": "67",
      "accent": 3,
      "blank": "24",
      "뜻영문": "suddenly feeling that you are in love with somebody; enamored; infatuated",
      "뜻한글": "갑자기 완전히 빠진[매료된](~ BY, WITH)"
    },
    {
      "word": "SMUG",
      "level": 7,
      "pronunciation": 28,
      "발음위치": "2",
      "accent": 3,
      "blank": "24",
      "뜻영문": "feel very pleased with one's ability, superiority or achievement",
      "뜻한글": "자신의 능력[성취]에 대해 흡족해 하는[우쭐거리는]"
    },
    {
      "word": "SNUFF",
      "level": 6,
      "pronunciation": 28,
      "발음위치": "3",
      "accent": 3,
      "blank": "24",
      "뜻영문": "to put out a candle or a cigarrete by covering it with something / to pun an end tol ",
      "뜻한글": "촛불 및 담뱃불을 눌러 끄다, 끝내다, 죽이다"
    },
    {
      "word": "SPITE",
      "level": 7,
      "pronunciation": 32,
      "발음위치": "3",
      "accent": 3,
      "blank": "24",
      "뜻영문": "a malicious desire to annoy, hurt, or defeat another person; malice",
      "뜻한글": "남에게 해를 가하려고 하는 악의[앙심]"
    },
    {
      "word": "SPITEFUL",
      "level": 7,
      "pronunciation": 32,
      "발음위치": "3",
      "accent": 3,
      "blank": "246",
      "뜻영문": "wanting to annoy, hurt, or defeat another person; malicious; malevolent; venomous",
      "뜻한글": "남에게 해를 가하려고 하는, 악의 있는, 앙심을 품은"
    },
    {
      "word": "SPORE",
      "level": 5,
      "pronunciation": 17,
      "발음위치": "345",
      "accent": 0,
      "blank": "24",
      "뜻영문": "a seed-like cell that helps some kinds of plants and bacteria to reproduce.",
      "뜻한글": "식물의 번식을 하는 씨처럼 생긴 포자[홀씨]"
    },
    {
      "word": "SQUABBLE",
      "level": 7,
      "pronunciation": 58,
      "발음위치": "34",
      "accent": 34,
      "blank": "246",
      "뜻영문": "to?argue?over something that is not?important; bicker; quibble",
      "뜻한글": "사소한 것을 두고 다투다, 그런 다툼"
    },
    {
      "word": "SQUAWK",
      "level": 5,
      "pronunciation": 58,
      "발음위치": "345",
      "accent": 0,
      "blank": "24",
      "뜻영문": "to utter a loud, harsh cry, like the sound that a large bird might make when frightened",
      "뜻한글": "(새) 크게 꽥꽥거리다, 거칠게 항의하다"
    },
    {
      "word": "SUBJUGATE",
      "level": 8,
      "pronunciation": 28,
      "발음위치": "2",
      "accent": 2,
      "blank": "247",
      "뜻영문": "to repress someone or to make them subservient; conquer",
      "뜻한글": "힘을 이용해 정복하거나 복종시키다"
    },
    {
      "word": "SUBSTANTIAL",
      "level": 7,
      "pronunciation": 28,
      "발음위치": "2",
      "accent": 6,
      "blank": "2479",
      "뜻영문": "large in amount, size, or number; considerable / basic or essential; fundamental",
      "뜻한글": "수량 및 가치 등이 상당한, 근본적인"
    },
    {
      "word": "SUBSTANTIVE",
      "level": 7,
      "pronunciation": 28,
      "발음위치": "2",
      "accent": 6,
      "blank": "2479",
      "뜻영문": "real and important; essential / supported by logic or facts",
      "뜻한글": "실질적이고 중요한, 논리[사실]로 뒷받침되는"
    },
    {
      "word": "SUMPTUOUS",
      "level": 7,
      "pronunciation": 24,
      "발음위치": "678",
      "accent": 2,
      "blank": "247",
      "뜻영문": "very expensive and superior in quality",
      "뜻한글": "아주 고급스럽고 비싼"
    },
    {
      "word": "SWANKY",
      "level": 7,
      "pronunciation": 99,
      "발음위치": "45",
      "accent": 23,
      "blank": "24",
      "뜻영문": "very fashionable and elegant; fashionable; posh; stylish",
      "뜻한글": "아주 멋지고 고급스러운"
    },
    {
      "word": "SWINDLE",
      "level": 7,
      "pronunciation": 75,
      "발음위치": "23",
      "accent": 3,
      "blank": "246",
      "뜻영문": "?to take money or property from someone by using tricks?",
      "뜻한글": "속여서 돈을 빼앗다"
    },
    {
      "word": "TALL",
      "level": 1,
      "pronunciation": 2,
      "발음위치": "2",
      "accent": 0,
      "blank": "13",
      "뜻영문": "having a relatively great height; of more than average stature",
      "뜻한글": "키가 큰, 높은"
    },
    {
      "word": "TORTUOUS",
      "level": 7,
      "pronunciation": 23,
      "발음위치": "567",
      "accent": 2,
      "blank": "246",
      "뜻영문": "having many curves and turns; winding / highly complex or intricate",
      "뜻한글": "구불구불한, 상당히 복잡하고 혼란스러운"
    },
    {
      "word": "TREPIDATION",
      "level": 7,
      "pronunciation": 6,
      "발음위치": "7",
      "accent": 7,
      "blank": "2479",
      "뜻영문": "fear?or?worry?about what is going to?happen; perturbation",
      "뜻한글": "일어날 수 있는 상황에 대한 두려움 및 근심 "
    },
    {
      "word": "TUSSLE",
      "level": 7,
      "pronunciation": 28,
      "발음위치": "2",
      "accent": 2,
      "blank": "246",
      "뜻영문": "to fight roughly; scuffle / to have strong arguments",
      "뜻한글": "거칠게 다투다, 논쟁하다, 거친 다툼, 논쟁"
    },
    {
      "word": "TYPIFY",
      "level": 8,
      "pronunciation": 10,
      "발음위치": "2",
      "accent": 2,
      "blank": "24",
      "뜻영문": "to be a typical example of something; epitomize",
      "뜻한글": "전형적인 예[사례]로 잘 나타내 보여주다"
    },
    {
      "word": "UBIQUITOUS",
      "level": 8,
      "pronunciation": 63,
      "발음위치": "56",
      "accent": 3,
      "blank": "2479",
      "뜻영문": "seeming to be everywhere at the same time; omnipresent:",
      "뜻한글": "모든 곳에 존재하는 듯한"
    },
    {
      "word": "UNAFFECTED",
      "level": 6,
      "pronunciation": 5,
      "발음위치": "6",
      "accent": 6,
      "blank": "2479",
      "뜻영문": "not influenced or interrupted in any way; immune / sincere and genuine; unstudied",
      "뜻한글": "영향을 안 받는, 꾸밈 없이 자연스럽고 진솔한, 연구되지 않은"
    },
    {
      "word": "UNDULATE",
      "level": 8,
      "pronunciation": 53,
      "발음위치": "3",
      "accent": 1,
      "blank": "246",
      "뜻영문": "move in a wavy pattern or with a rising and falling motion",
      "뜻한글": "물결 모양처럼 움직이다. 물결처럼 굽이치다"
    },
    {
      "word": "UNDULY",
      "level": 6,
      "pronunciation": 19,
      "발음위치": "4",
      "accent": 4,
      "blank": "24",
      "뜻영문": "more than is?necessary or?reasonable; excessively",
      "뜻한글": "너무 지나치게, 과도하게"
    },
    {
      "word": "UNEVEN",
      "level": 4,
      "pronunciation": 9,
      "발음위치": "3",
      "accent": 3,
      "blank": "24",
      "뜻영문": "not leve, flat, or smooth; bumpy; jagged / irregular; inconsistent",
      "뜻한글": "울퉁불퉁한, 불규칙한, 일정하지 않은"
    },
    {
      "word": "UNSCRUPULOUS",
      "level": 7,
      "pronunciation": 19,
      "발음위치": "6",
      "accent": 6,
      "blank": "247911",
      "뜻영문": "behaving in a dishonest or unethical way; amoral; unprincipled",
      "뜻한글": "정직하지 않은, 비양심적인"
    },
    {
      "word": "UNSTUDIED",
      "level": 8,
      "pronunciation": 28,
      "발음위치": "5",
      "accent": 5,
      "blank": "247",
      "뜻영문": "sincere and natural; unaffected; candide / not studied before",
      "뜻한글": "꾸밈 없이 자연스럽고 진솔한, 연구되지 않은"
    },
    {
      "word": "VALOR",
      "level": 7,
      "pronunciation": 31,
      "발음위치": "45",
      "accent": 2,
      "blank": "24",
      "뜻영문": "heroic courage when facing great danger; bravery",
      "뜻한글": "위험한 상황에서 발휘되는 영웅적인 용맹"
    },
    {
      "word": "VEHEMENT",
      "level": 7,
      "pronunciation": 109,
      "발음위치": "3",
      "accent": 2,
      "blank": "246",
      "뜻영문": "expressing?angry?feelings; violent / expressing great?energy; passionate",
      "뜻한글": "반발 및 요구 등이 격렬한, 열정적인"
    },
    {
      "word": "VENGEFUL",
      "level": 6,
      "pronunciation": 53,
      "발음위치": "45",
      "accent": 2,
      "blank": "246",
      "뜻영문": "showing a desire to harm someone who has harmed you; vindictive",
      "뜻한글": "당한 것을 복수하려고 하는"
    },
    {
      "word": "VENOM",
      "level": 6,
      "pronunciation": 5,
      "발음위치": "2",
      "accent": 2,
      "blank": "24",
      "뜻영문": "toxin secreted by certain snakes and poisonous insects?",
      "뜻한글": "뱀 등의 독, 상당한 적대감"
    },
    {
      "word": "VENOMOUS",
      "level": 6,
      "pronunciation": 5,
      "발음위치": "2",
      "accent": 2,
      "blank": "246",
      "뜻영문": "able to inflict a poisoned bite or sting / expressing very strong hatred",
      "뜻한글": "뱀 등이 독을 가진, 비판 등이 상당히 적대적인 "
    },
    {
      "word": "VENUE",
      "level": 6,
      "pronunciation": 82,
      "발음위치": "45",
      "accent": 2,
      "blank": "24",
      "뜻영문": "the?place?where a?public?event?or?meeting?happens",
      "뜻한글": "경기 및 이벤트 등이 열리는 장소"
    },
    {
      "word": "VIE",
      "level": 7,
      "pronunciation": 32,
      "발음위치": "23",
      "accent": 0,
      "blank": "2",
      "뜻영문": "to strive in competition or rivalry with another to win something; compete; contend",
      "뜻한글": "얻어내려고[획득하려고] 경쟁하다(~ FOR)"
    },
    {
      "word": "VINDICATE",
      "level": 7,
      "pronunciation": 6,
      "발음위치": "7",
      "accent": 2,
      "blank": "247",
      "뜻영문": "to show that someone is not guilty; exonerate / to show that something is true",
      "뜻한글": "무죄임을 입증하다, 정당함을 보여주다"
    },
    {
      "word": "VINDICTIVE",
      "level": 6,
      "pronunciation": 10,
      "발음위치": "2 5",
      "accent": 5,
      "blank": "2479",
      "뜻영문": "disposed or inclined to seek revenge;?revengeful; vengeful",
      "뜻한글": "원한을 품은, 당한 것을 복수하려고 하는"
    },
    {
      "word": "WHEELBARROW",
      "level": 7,
      "pronunciation": 109,
      "발음위치": "2",
      "accent": 34,
      "blank": "2479",
      "뜻영문": "?a small open?cart?with one wheel and two handles that is used for carrying things",
      "뜻한글": "흙 등을 담아 운반하는 바퀴 1개의 손수레"
    }
  ]
}